director_name,actor_1_name,actor_2_name,actor_3_name,genres,movie_title,comb
Joachim Rønning Espen Sandberg,Johnny Depp,Johnny Depp,Geoffrey Rush,Adventure Action Fantasy Comedy,pirates of the caribbean: dead men tell no tales,Johnny Depp Johnny Depp Geoffrey Rush Joachim Rønning Espen Sandberg Adventure Action Fantasy Comedy
Zack Snyder,Ben Affleck,Ben Affleck,Gal Gadot,Action Adventure Fantasy Sci-Fi,justice league,Ben Affleck Ben Affleck Gal Gadot Zack Snyder Action Adventure Fantasy Sci-Fi
Taika Waititi,Chris Hemsworth,Chris Hemsworth,Cate Blanchett,Action Adventure Fantasy Sci-Fi,thor: ragnarok,Chris Hemsworth Chris Hemsworth Cate Blanchett Taika Waititi Action Adventure Fantasy Sci-Fi
James Gunn,Chris Pratt,Chris Pratt,Dave Bautista,Action Adventure Comedy Sci-Fi,guardians of the galaxy vol. 2,Chris Pratt Chris Pratt Dave Bautista James Gunn Action Adventure Comedy Sci-Fi
Sean McNamara,Pierce Brosnan,Pierce Brosnan,Benjamin Walker,Fantasy Action Adventure,the king's daughter,Pierce Brosnan Pierce Brosnan Benjamin Walker Sean McNamara Fantasy Action Adventure
Adam Spinks,Ben Loyd-Holmes,Ben Loyd-Holmes,Neil Newbon,Thriller Adventure,extinction: nature has evolved,Ben Loyd-Holmes Ben Loyd-Holmes Neil Newbon Adam Spinks Thriller Adventure
Rucha Humnabadkar,Ali Fazal,Ali Fazal,Omi Vaidya,Drama Comedy,for here or to go?,Ali Fazal Ali Fazal Omi Vaidya Rucha Humnabadkar Drama Comedy
Sarik Andreasyan,Anton Pampushnyy,Anton Pampushnyy,Sebastien Sisak,Action Fantasy Sci-Fi,guardians,Anton Pampushnyy Anton Pampushnyy Sebastien Sisak Sarik Andreasyan Action Fantasy Sci-Fi
Peter Hutchings,Victoria Justice,Victoria Justice,Ashley Rickards,Comedy,the outcasts,Victoria Justice Victoria Justice Ashley Rickards Peter Hutchings Comedy
Patty Jenkins,Gal Gadot,Gal Gadot,Robin Wright,Action Adventure Fantasy,wonder woman,Gal Gadot Gal Gadot Robin Wright Patty Jenkins Action Adventure Fantasy
Kevin Munroe,Chris Murphy,Chris Murphy,Matt Olsen,Animation Adventure Comedy Action Family,sly cooper,Chris Murphy Chris Murphy Matt Olsen Kevin Munroe Animation Adventure Comedy Action Family
James Ponsoldt,Emma Watson,Emma Watson,John Boyega,Drama Thriller Sci-Fi,the circle,Emma Watson Emma Watson John Boyega James Ponsoldt Drama Thriller Sci-Fi
Trish Sie,Anna Kendrick,Anna Kendrick,Brittany Snow,Comedy,pitch perfect 3,Anna Kendrick Anna Kendrick Brittany Snow Trish Sie Comedy
Sean Byrne,Ethan Embry,Ethan Embry,Kiara Glasco,Horror,the devil's candy,Ethan Embry Ethan Embry Kiara Glasco Sean Byrne Horror
Roberto Doveris,Violeta Castillo,Violeta Castillo,Mauricio Vaca,Drama,las plantas,Violeta Castillo Violeta Castillo Mauricio Vaca Roberto Doveris Drama
Lloyd Kaufman,Asta Paredes,Asta Paredes,Zac Amino,Comedy Horror,"return to return to nuke 'em high, aka volume 2",Asta Paredes Asta Paredes Zac Amino Lloyd Kaufman Comedy Horror
David Jackson,Amanda Leighton,Amanda Leighton,Hannah Kasulka,TV Movie Thriller,the cheerleader murders,Amanda Leighton Amanda Leighton Hannah Kasulka David Jackson TV Movie Thriller
Demetri Martin,Demetri Martin,Demetri Martin,Christine Woods,Comedy,dean,Demetri Martin Demetri Martin Christine Woods Demetri Martin Comedy
Alexandre Bustillo Julien Maury,Stephen Dorff,Stephen Dorff,Sam Strike,Horror,leatherface,Stephen Dorff Stephen Dorff Sam Strike Alexandre Bustillo Julien Maury Horror
Johannes Roberts,Claire Holt,Claire Holt,Chris Johnson,Drama Thriller Horror Adventure,47 meters down,Claire Holt Claire Holt Chris Johnson Johannes Roberts Drama Thriller Horror Adventure
Gabe Klinger,Lucie Lucas,Lucie Lucas,Paulo Calatré,Romance Drama,porto,Lucie Lucas Lucie Lucas Paulo Calatré Gabe Klinger Romance Drama
Aaron Leong,Sean O'Donnell,Sean O'Donnell,Gary Busey,Comedy Drama Family Fantasy Romance Sci-Fi,mamaboy,Sean O'Donnell Sean O'Donnell Gary Busey Aaron Leong Comedy Drama Family Fantasy Romance Sci-Fi
Terry George,Oscar Isaac,Oscar Isaac,Christian Bale,History Romance Drama,the promise,Oscar Isaac Oscar Isaac Christian Bale Terry George History Romance Drama
Benny Boom,Demetrius Shipp Jr.,Demetrius Shipp Jr.,Kat Graham,Drama Music,all eyez on me,Demetrius Shipp Jr. Demetrius Shipp Jr. Kat Graham Benny Boom Drama Music
Nacho Vigalondo,Anne Hathaway,Anne Hathaway,Tim Blake Nelson,Action Comedy Drama Fantasy Sci-Fi,colossal,Anne Hathaway Anne Hathaway Tim Blake Nelson Nacho Vigalondo Action Comedy Drama Fantasy Sci-Fi
Derrick Borte,Jonathan Rhys Meyers,Jonathan Rhys Meyers,Dougray Scott,Drama Music,london town,Jonathan Rhys Meyers Jonathan Rhys Meyers Dougray Scott Derrick Borte Drama Music
Martin Koolhoven,Guy Pearce,Guy Pearce,Carice van Houten,Mystery Thriller Western,brimstone,Guy Pearce Guy Pearce Carice van Houten Martin Koolhoven Mystery Thriller Western
Alex Helfrecht Jörg Tittel,Agyness Deyn,Agyness Deyn,Fiona Shaw,Drama Sci-Fi,the white king,Agyness Deyn Agyness Deyn Fiona Shaw Alex Helfrecht Jörg Tittel Drama Sci-Fi
Laura Poitras,Julian Assange,Julian Assange,Jacob Appelbaum,Documentary,risk,Julian Assange Julian Assange Jacob Appelbaum Laura Poitras Documentary
Eddie O'Keefe,Emily Browning,Emily Browning,Ron Livingston,Romance Drama Crime,shangri-la suite,Emily Browning Emily Browning Ron Livingston Eddie O'Keefe Romance Drama Crime
Ralitza Petrova,Irena Ivanova,Irena Ivanova,Ventzislav Konstantinov,Drama,godless,Irena Ivanova Irena Ivanova Ventzislav Konstantinov Ralitza Petrova Drama
Peter Chelsom,Asa Butterfield,Asa Butterfield,Carla Gugino,Romance Adventure Sci-Fi Drama,the space between us,Asa Butterfield Asa Butterfield Carla Gugino Peter Chelsom Romance Adventure Sci-Fi Drama
Raoul Peck,Samuel L. Jackson,Samuel L. Jackson,Malcolm X,Documentary,i am not your negro,Samuel L. Jackson Samuel L. Jackson Malcolm X Raoul Peck Documentary
Lasse Hallström,Dennis Quaid,Dennis Quaid,Josh Gad,Comedy Drama Family Fantasy,a dog's purpose,Dennis Quaid Dennis Quaid Josh Gad Lasse Hallström Comedy Drama Family Fantasy
Julian Rosefeldt,Cate Blanchett,Cate Blanchett,Ruby Bustamante,Drama,manifesto,Cate Blanchett Cate Blanchett Ruby Bustamante Julian Rosefeldt Drama
Jeff Baena,Alison Brie,Alison Brie,Aubrey Plaza,Comedy,the little hours,Alison Brie Alison Brie Aubrey Plaza Jeff Baena Comedy
Richie Keen,Charlie Day,Charlie Day,Tracy Morgan,Comedy,fist fight,Charlie Day Charlie Day Tracy Morgan Richie Keen Comedy
Baran bo Odar,Jamie Foxx,Jamie Foxx,Dermot Mulroney,Action Crime Thriller,sleepless,Jamie Foxx Jamie Foxx Dermot Mulroney Baran bo Odar Action Crime Thriller
Gore Verbinski,Dane DeHaan,Dane DeHaan,Mia Goth,Mystery Thriller Horror Sci-Fi,a cure for wellness,Dane DeHaan Dane DeHaan Mia Goth Gore Verbinski Mystery Thriller Horror Sci-Fi
Charlotte Sieling,Jakob Oftebro,Jakob Oftebro,Søren Malling,Drama Comedy,the man,Jakob Oftebro Jakob Oftebro Søren Malling Charlotte Sieling Drama Comedy
D.J. Caruso,Vin Diesel,Vin Diesel,Samuel L. Jackson,Action Adventure Crime,xxx: return of xander cage,Vin Diesel Vin Diesel Samuel L. Jackson D.J. Caruso Action Adventure Crime
Stacy Title,Douglas Smith,Douglas Smith,Cressida Bonas,Horror Thriller,the bye bye man,Douglas Smith Douglas Smith Cressida Bonas Stacy Title Horror Thriller
Alice Lowe,Alice Lowe,Alice Lowe,Kate Dickie,Horror Comedy Drama Thriller Fantasy,prevenge,Alice Lowe Alice Lowe Kate Dickie Alice Lowe Horror Comedy Drama Thriller Fantasy
Chris McKay,Will Arnett,Will Arnett,Michael Cera,Action Animation Comedy Family Fantasy,the lego batman movie,Will Arnett Will Arnett Michael Cera Chris McKay Action Animation Comedy Family Fantasy
Stephan Streker,Lina El Arabi,Lina El Arabi,Babak Karimi,Drama,a wedding,Lina El Arabi Lina El Arabi Babak Karimi Stephan Streker Drama
Stanley Tong,Jackie Chan,Jackie Chan,Sonu Sood,Mystery Action Adventure Comedy,kung fu yoga,Jackie Chan Jackie Chan Sonu Sood Stanley Tong Mystery Action Adventure Comedy
Vishal Bhardwaj,Saif Ali Khan,Saif Ali Khan,Kangana Ranaut,War History Drama Romance,rangoon,Saif Ali Khan Saif Ali Khan Kangana Ranaut Vishal Bhardwaj War History Drama Romance
G.J. Echternkamp,Manu Bennett,Manu Bennett,Marci Miller,Action Comedy Sci-Fi,death race 2050,Manu Bennett Manu Bennett Marci Miller G.J. Echternkamp Action Comedy Sci-Fi
Adam Smith,Michael Fassbender,Michael Fassbender,Lyndsey Marshal,Action Drama Crime Thriller,trespass against us,Michael Fassbender Michael Fassbender Lyndsey Marshal Adam Smith Action Drama Crime Thriller
Lisa Robinson Annie J. Howell,Betsy Brandt,Betsy Brandt,Zev Haworth,Drama,claire in motion,Betsy Brandt Betsy Brandt Zev Haworth Lisa Robinson Annie J. Howell Drama
Emily Hagins,Alex Saxon,Alex Saxon,Sasha Pieterse,Family Crime,coin heist,Alex Saxon Alex Saxon Sasha Pieterse Emily Hagins Family Crime
F. Javier Gutiérrez,Matilda Anna Ingrid Lutz,Matilda Anna Ingrid Lutz,Johnny Galecki,Horror,rings,Matilda Anna Ingrid Lutz Matilda Anna Ingrid Lutz Johnny Galecki F. Javier Gutiérrez Horror
Alistair Legrand,Vinessa Shaw,Vinessa Shaw,Aaron Stanford,Thriller,clinical,Vinessa Shaw Vinessa Shaw Aaron Stanford Alistair Legrand Thriller
Bruno Garotti,Michel Joelsas,Michel Joelsas,Marcello Airoldi,Comedy,eu fico loko,Michel Joelsas Michel Joelsas Marcello Airoldi Bruno Garotti Comedy
Aram Rappaport,Frank Grillo,Frank Grillo,AnnaSophia Robb,Crime Thriller,the crash,Frank Grillo Frank Grillo AnnaSophia Robb Aram Rappaport Crime Thriller
Tatsuya Oishi Akiyuki Shinbo,Hiroshi Kamiya,Hiroshi Kamiya,Maaya Sakamoto,Animation Fantasy Mystery,kizumonogatari part 3: reiketsu,Hiroshi Kamiya Hiroshi Kamiya Maaya Sakamoto Tatsuya Oishi Akiyuki Shinbo Animation Fantasy Mystery
Chad Stahelski,Keanu Reeves,Keanu Reeves,Laurence Fishburne,Thriller Action Crime,john wick: chapter 2,Keanu Reeves Keanu Reeves Laurence Fishburne Chad Stahelski Thriller Action Crime
Jordan Peele,Daniel Kaluuya,Daniel Kaluuya,Bradley Whitford,Mystery Thriller Horror,get out,Daniel Kaluuya Daniel Kaluuya Bradley Whitford Jordan Peele Mystery Thriller Horror
James Mangold,Hugh Jackman,Hugh Jackman,Dafne Keen,Action Drama Sci-Fi,logan,Hugh Jackman Hugh Jackman Dafne Keen James Mangold Action Drama Sci-Fi
Jordan Vogt-Roberts,Tom Hiddleston,Tom Hiddleston,Brie Larson,Action Adventure Fantasy,kong: skull island,Tom Hiddleston Tom Hiddleston Brie Larson Jordan Vogt-Roberts Action Adventure Fantasy
Pete Travis,Riz Ahmed,Riz Ahmed,James Floyd,Crime Drama Thriller,city of tiny lights,Riz Ahmed Riz Ahmed James Floyd Pete Travis Crime Drama Thriller
Danny Boyle,Ewan McGregor,Ewan McGregor,Ewen Bremner,Crime Drama,t2 trainspotting,Ewan McGregor Ewan McGregor Ewen Bremner Danny Boyle Crime Drama
Shane Abbess,Kellan Lutz,Kellan Lutz,Isabel Lucas,Sci-Fi,science fiction volume one: the osiris child,Kellan Lutz Kellan Lutz Isabel Lucas Shane Abbess Sci-Fi
Ry Russo-Young,Zoey Deutch,Zoey Deutch,Logan Miller,Mystery Drama Thriller,before i fall,Zoey Deutch Zoey Deutch Logan Miller Ry Russo-Young Mystery Drama Thriller
Michael Showalter,Kumail Nanjiani,Kumail Nanjiani,Holly Hunter,Comedy Drama Romance,the big sick,Kumail Nanjiani Kumail Nanjiani Holly Hunter Michael Showalter Comedy Drama Romance
Matt Spicer,Aubrey Plaza,Aubrey Plaza,O'Shea Jackson Jr.,Drama Comedy,ingrid goes west,Aubrey Plaza Aubrey Plaza O'Shea Jackson Jr. Matt Spicer Drama Comedy
Macon Blair,Melanie Lynskey,Melanie Lynskey,David Yow,Comedy Crime Drama Thriller,i don't feel at home in this world anymore,Melanie Lynskey Melanie Lynskey David Yow Macon Blair Comedy Crime Drama Thriller
Guy Ritchie,Charlie Hunnam,Charlie Hunnam,Jude Law,Action Drama Fantasy,king arthur: legend of the sword,Charlie Hunnam Charlie Hunnam Jude Law Guy Ritchie Action Drama Fantasy
Bill Condon,Emma Watson,Emma Watson,Luke Evans,Family Fantasy Romance,beauty and the beast,Emma Watson Emma Watson Luke Evans Bill Condon Family Fantasy Romance
Chester Tam,Stella Maeve,Stella Maeve,Josh Peck,Comedy,take the 10,Stella Maeve Stella Maeve Josh Peck Chester Tam Comedy
Tom McGrath,Alec Baldwin,Alec Baldwin,Jimmy Kimmel,Animation Comedy Family,the boss baby,Alec Baldwin Alec Baldwin Jimmy Kimmel Tom McGrath Animation Comedy Family
Jay Oliva,Matt Ryan,Matt Ryan,Camilla Luddington,Action Animation Fantasy Sci-Fi Thriller,justice league dark,Matt Ryan Matt Ryan Camilla Luddington Jay Oliva Action Animation Fantasy Sci-Fi Thriller
Sotiris Tsafoulias,Pigmalion Dadakaridis,Pigmalion Dadakaridis,Manos Vakousis,Thriller Mystery,the other me,Pigmalion Dadakaridis Pigmalion Dadakaridis Manos Vakousis Sotiris Tsafoulias Thriller Mystery
Luca Guadagnino,Timothée Chalamet,Timothée Chalamet,Michael Stuhlbarg,Romance Drama,call me by your name,Timothée Chalamet Timothée Chalamet Michael Stuhlbarg Luca Guadagnino Romance Drama
Adam Randall,Bill Milner,Bill Milner,Rory Kinnear,Action Crime Sci-Fi Thriller,iboy,Bill Milner Bill Milner Rory Kinnear Adam Randall Action Crime Sci-Fi Thriller
Salvatore Ficarra Valentino Picone,Salvatore Ficarra,Salvatore Ficarra,Vincenzo Amato,Comedy,l'ora legale,Salvatore Ficarra Salvatore Ficarra Vincenzo Amato Salvatore Ficarra Valentino Picone Comedy
Onur Tukel,Sandra Oh,Sandra Oh,Alicia Silverstone,Comedy Drama,catfight,Sandra Oh Sandra Oh Alicia Silverstone Onur Tukel Comedy Drama
David Lowery,Casey Affleck,Casey Affleck,Will Oldham,Drama Fantasy Romance,a ghost story,Casey Affleck Casey Affleck Will Oldham David Lowery Drama Fantasy Romance
Rupert Sanders,Scarlett Johansson,Scarlett Johansson,Pilou Asbæk,Action Sci-Fi Thriller,ghost in the shell,Scarlett Johansson Scarlett Johansson Pilou Asbæk Rupert Sanders Action Sci-Fi Thriller
Matt Murphy,Dean O'Gorman,Dean O'Gorman,Ashleigh Cummings,Action Comedy Crime,pork pie,Dean O'Gorman Dean O'Gorman Ashleigh Cummings Matt Murphy Action Comedy Crime
Karyn Kusama Jovanka Vuckovic Roxanne Benjamin St. Vincent,Natalie Brown,Natalie Brown,Breeda Wool,Horror,xx,Natalie Brown Natalie Brown Breeda Wool Karyn Kusama Jovanka Vuckovic Roxanne Benjamin St. Vincent Horror
Shaad Ali,Aditya Roy Kapoor,Aditya Roy Kapoor,Leela Samson,Drama Romance,ok jaanu,Aditya Roy Kapoor Aditya Roy Kapoor Leela Samson Shaad Ali Drama Romance
James Foley,Dakota Johnson,Dakota Johnson,Eric Johnson,Drama Romance,fifty shades darker,Dakota Johnson Dakota Johnson Eric Johnson James Foley Drama Romance
Craig Johnson,Woody Harrelson,Woody Harrelson,Shaun Brown,Drama Comedy,wilson,Woody Harrelson Woody Harrelson Shaun Brown Craig Johnson Drama Comedy
Fyodor Bondarchuk,Rinal Mukhametov,Rinal Mukhametov,Oleg Menshikov,Drama Romance Sci-Fi,attraction,Rinal Mukhametov Rinal Mukhametov Oleg Menshikov Fyodor Bondarchuk Drama Romance Sci-Fi
Pascal Bourdiaux,Jean Reno,Jean Reno,Camille Chamoux,Comedy,family heist,Jean Reno Jean Reno Camille Chamoux Pascal Bourdiaux Comedy
Caradog W. James,Katee Sackhoff,Katee Sackhoff,Javier Botet,Horror,don't knock twice,Katee Sackhoff Katee Sackhoff Javier Botet Caradog W. James Horror
Ido Fluk,Dan Stevens,Dan Stevens,Kerry Bishé,Drama,the ticket,Dan Stevens Dan Stevens Kerry Bishé Ido Fluk Drama
Ed Gass-Donnelly,Abbie Cornish,Abbie Cornish,Diego Klattenhoff,Drama Thriller,lavender,Abbie Cornish Abbie Cornish Diego Klattenhoff Ed Gass-Donnelly Drama Thriller
Christopher Smith,Tye Sheridan,Tye Sheridan,Emory Cohen,Thriller,detour,Tye Sheridan Tye Sheridan Emory Cohen Christopher Smith Thriller
Bill Purple,Jason Sudeikis,Jason Sudeikis,Jessica Biel,Drama,the book of love,Jason Sudeikis Jason Sudeikis Jessica Biel Bill Purple Drama
Aki Kaurismäki,Sakari Kuosmanen,Sakari Kuosmanen,Simon Al-Bazoon,Comedy Drama,the other side of hope,Sakari Kuosmanen Sakari Kuosmanen Simon Al-Bazoon Aki Kaurismäki Comedy Drama
Alex Grossman,Troy Doherty,Troy Doherty,Raychel Diane Weiner,Comedy,hickey,Troy Doherty Troy Doherty Raychel Diane Weiner Alex Grossman Comedy
Arnaud des Pallières,Adèle Exarchopoulos,Adèle Exarchopoulos,Solène Rigot,Drama,orphan,Adèle Exarchopoulos Adèle Exarchopoulos Solène Rigot Arnaud des Pallières Drama
Martín Hodara,Ricardo Darín,Ricardo Darín,Laia Costa,Mystery Drama Crime Thriller,black snow,Ricardo Darín Ricardo Darín Laia Costa Martín Hodara Mystery Drama Crime Thriller
Akiva Schaffer Scott Aukerman,Michael Bolton,Michael Bolton,Sarah Shahi,Comedy Music,"michael bolton's big, sexy valentine's day special",Michael Bolton Michael Bolton Sarah Shahi Akiva Schaffer Scott Aukerman Comedy Music
Evan Oppenheimer,Brett Dalton,Brett Dalton,Stana Katic,Adventure Drama Romance,lost in florence,Brett Dalton Brett Dalton Stana Katic Evan Oppenheimer Adventure Drama Romance
Ben Browder,Gina Gershon,Gina Gershon,Sammi Hanratty,Mystery Comedy Thriller Sci-Fi Fantasy,bad kids of crestview academy,Gina Gershon Gina Gershon Sammi Hanratty Ben Browder Mystery Comedy Thriller Sci-Fi Fantasy
Sydney Sibilia,Edoardo Leo,Edoardo Leo,Stefano Fresi,Action Comedy Crime,smetto quando voglio: masterclass,Edoardo Leo Edoardo Leo Stefano Fresi Sydney Sibilia Action Comedy Crime
Oliver Schmitz,Andrea Riseborough,Andrea Riseborough,Deon Lotz,Drama,shepherds and butchers,Andrea Riseborough Andrea Riseborough Deon Lotz Oliver Schmitz Drama
James Franco,James Franco,James Franco,Selena Gomez,Drama,in dubious battle,James Franco James Franco Selena Gomez James Franco Drama
Cate Shortland,Teresa Palmer,Teresa Palmer,Matthias Habich,Mystery Thriller Drama Horror,berlin syndrome,Teresa Palmer Teresa Palmer Matthias Habich Cate Shortland Mystery Thriller Drama Horror
Jenny Gage,Dusty Rose Ryan,Dusty Rose Ryan,Ginger Leigh Ryan,Documentary,all this panic,Dusty Rose Ryan Dusty Rose Ryan Ginger Leigh Ryan Jenny Gage Documentary
Joel David Moore,Frank Langella,Frank Langella,Christina Applegate,Comedy Drama,youth in oregon,Frank Langella Frank Langella Christina Applegate Joel David Moore Comedy Drama
Terrence Malick,Michael Fassbender,Michael Fassbender,Rooney Mara,Drama Music Romance,song to song,Michael Fassbender Michael Fassbender Rooney Mara Terrence Malick Drama Music Romance
Marti Noxon,Lily Collins,Lily Collins,Lili Taylor,Drama,to the bone,Lily Collins Lily Collins Lili Taylor Marti Noxon Drama
Michael Stephenson,Bob Odenkirk,Bob Odenkirk,Natasha Lyonne,Comedy Drama,girlfriend's day,Bob Odenkirk Bob Odenkirk Natasha Lyonne Michael Stephenson Comedy Drama
Liu Jian,Yang Siming,Yang Siming,Ma Xiaofeng,Animation Crime,have a nice day,Yang Siming Yang Siming Ma Xiaofeng Liu Jian Animation Crime
Anne Hamilton,Peyton Kennedy,Peyton Kennedy,Kip Pardue,Drama Thriller,american fable,Peyton Kennedy Peyton Kennedy Kip Pardue Anne Hamilton Drama Thriller
Marc Rothemund,Kostja Ullmann,Kostja Ullmann,Jacob Matschenz,Comedy,my blind date with life,Kostja Ullmann Kostja Ullmann Jacob Matschenz Marc Rothemund Comedy
Mirjana Karanovi?,Mirjana Karanovi?,Mirjana Karanovi?,Marko Nikoli?,Drama,a good wife,Mirjana Karanovi? Mirjana Karanovi? Marko Nikoli? Mirjana Karanovi? Drama
Agnieszka Holland,Agnieszka Mandat-Grabka,Agnieszka Mandat-Grabka,Jakub Giersza?,Crime Drama Mystery Thriller,spoor,Agnieszka Mandat-Grabka Agnieszka Mandat-Grabka Jakub Giersza? Agnieszka Holland Crime Drama Mystery Thriller
Francis Lee,Josh O'Connor,Josh O'Connor,Ian Hart,Romance Drama,god's own country,Josh O'Connor Josh O'Connor Ian Hart Francis Lee Romance Drama
Sebastián Lelio,Daniela Vega,Daniela Vega,Luis Gnecco,Drama,a fantastic woman,Daniela Vega Daniela Vega Luis Gnecco Sebastián Lelio Drama
Teresa Villaverde,João Pedro Vaz,João Pedro Vaz,Beatriz Batarda,Drama,colo,João Pedro Vaz João Pedro Vaz Beatriz Batarda Teresa Villaverde Drama
C?lin Peter Netzer,Mircea Postelnicu,Mircea Postelnicu,Carmen T?nase,Drama,"ana, my love",Mircea Postelnicu Mircea Postelnicu Carmen T?nase C?lin Peter Netzer Drama
Rezo Gigineishvili,Irakli Kvirikadze,Irakli Kvirikadze,Merab Ninidze,Drama,hostages,Irakli Kvirikadze Irakli Kvirikadze Merab Ninidze Rezo Gigineishvili Drama
So Yong Kim,Jena Malone,Jena Malone,Jessie Ok Gray,Drama Romance,lovesong,Jena Malone Jena Malone Jessie Ok Gray So Yong Kim Drama Romance
Vladimir Besedin,Aleksandr Gorbatov,Aleksandr Gorbatov,Anton Kuznetsov,Action Adventure Sci-Fi Drama,major grom,Aleksandr Gorbatov Aleksandr Gorbatov Anton Kuznetsov Vladimir Besedin Action Adventure Sci-Fi Drama
Peter W. Kunhardt Brian Oakes,Warren Buffett,Warren Buffett,Bill Gates,Documentary,becoming warren buffett,Warren Buffett Warren Buffett Bill Gates Peter W. Kunhardt Brian Oakes Documentary
Catalina Aguilar Mastretta,Karla Souza,Karla Souza,Ben O'Toole,Romance Comedy,everybody loves somebody,Karla Souza Karla Souza Ben O'Toole Catalina Aguilar Mastretta Romance Comedy
Dany Boon,Alice Pol,Alice Pol,Michel Blanc,Action Comedy,r.a.i.d. special unit,Alice Pol Alice Pol Michel Blanc Dany Boon Action Comedy
Leslie Libman,Natasha Bassett,Natasha Bassett,Matthew Harrison,Drama TV Movie,britney ever after,Natasha Bassett Natasha Bassett Matthew Harrison Leslie Libman Drama TV Movie
Kerstin Karlhuber,Tom Wopat,Tom Wopat,Gregory Harrison,Family Drama,fair haven,Tom Wopat Tom Wopat Gregory Harrison Kerstin Karlhuber Family Drama
Destin Cretton,Brie Larson,Brie Larson,Naomi Watts,Drama,the glass castle,Brie Larson Brie Larson Naomi Watts Destin Cretton Drama
Thomas Torrey,Thomas Torrey,Thomas Torrey,J.R. Adduci,Drama Thriller,fare,Thomas Torrey Thomas Torrey J.R. Adduci Thomas Torrey Drama Thriller
Dome Karukoski,Pekka Strang,Pekka Strang,Jakob Oftebro,Drama,tom of finland,Pekka Strang Pekka Strang Jakob Oftebro Dome Karukoski Drama
Kris Avedisian,Louisa Krause,Louisa Krause,Ariana DeFusco,Drama Comedy,donald cried,Louisa Krause Louisa Krause Ariana DeFusco Kris Avedisian Drama Comedy
Mike Dudko,Rachel Barrer,Rachel Barrer,Shaun Rey,Horror Comedy,zombie pizza,Rachel Barrer Rachel Barrer Shaun Rey Mike Dudko Horror Comedy
Lone Scherfig,Gemma Arterton,Gemma Arterton,Bill Nighy,Romance War Comedy Drama,their finest,Gemma Arterton Gemma Arterton Bill Nighy Lone Scherfig Romance War Comedy Drama
Joseph Ruben,Michiel Huisman,Michiel Huisman,Josh Hartnett,Romance Drama War,the ottoman lieutenant,Michiel Huisman Michiel Huisman Josh Hartnett Joseph Ruben Romance Drama War
William Oldroyd,Florence Pugh,Florence Pugh,Paul Hilton,Drama,lady macbeth,Florence Pugh Florence Pugh Paul Hilton William Oldroyd Drama
Ritesh Batra,Jim Broadbent,Jim Broadbent,Harriet Walter,Mystery Drama,the sense of an ending,Jim Broadbent Jim Broadbent Harriet Walter Ritesh Batra Mystery Drama
Susan Johnson,Bel Powley,Bel Powley,Gabriel Byrne,Drama Comedy,carrie pilby,Bel Powley Bel Powley Gabriel Byrne Susan Johnson Drama Comedy
James Franco Pamela Romanowsky,James Franco,James Franco,Lori Singer,Thriller,the institute,James Franco James Franco Lori Singer James Franco Pamela Romanowsky Thriller
Filippo Capuzzi Lapietra,Felipe Castanhari,Felipe Castanhari,PC Siqueira,Comedy,internet - o filme,Felipe Castanhari Felipe Castanhari PC Siqueira Filippo Capuzzi Lapietra Comedy
Mehdi Idir Grand Corps Malade,Pablo Pauly,Pablo Pauly,Moussa Mansaly,Drama Comedy,patients,Pablo Pauly Pablo Pauly Moussa Mansaly Mehdi Idir Grand Corps Malade Drama Comedy
Stuart Hazeldine,Sam Worthington,Sam Worthington,Tim McGraw,Drama Fantasy,the shack,Sam Worthington Sam Worthington Tim McGraw Stuart Hazeldine Drama Fantasy
Svyatoslav Podgayevskiy,Victoria Agalakova,Victoria Agalakova,Alexandra Rebenok,Mystery Horror Thriller,the bride,Victoria Agalakova Victoria Agalakova Alexandra Rebenok Svyatoslav Podgayevskiy Mystery Horror Thriller
Daniel Espinosa,Jake Gyllenhaal,Jake Gyllenhaal,Ryan Reynolds,Horror Sci-Fi Thriller,life,Jake Gyllenhaal Jake Gyllenhaal Ryan Reynolds Daniel Espinosa Horror Sci-Fi Thriller
Sanjay Gupta,Hrithik Roshan,Hrithik Roshan,Ronit Roy,Action Crime Romance,kaabil,Hrithik Roshan Hrithik Roshan Ronit Roy Sanjay Gupta Action Crime Romance
Bryan Brewer,Cree Kelly,Cree Kelly,Thatcher Robinson,Horror,the raking,Cree Kelly Cree Kelly Thatcher Robinson Bryan Brewer Horror
J.D. Dillard,Jacob Latimore,Jacob Latimore,Sasheer Zamata,Drama Thriller Action Sci-Fi,sleight,Jacob Latimore Jacob Latimore Sasheer Zamata J.D. Dillard Drama Thriller Action Sci-Fi
Sarah Adina Smith,Rami Malek,Rami Malek,Kate Lyn Sheil,Mystery Drama,buster's mal heart,Rami Malek Rami Malek Kate Lyn Sheil Sarah Adina Smith Mystery Drama
Han Jae-rim,Jo In-sung,Jo In-sung,Bae Seong-woo,Drama Crime,the king,Jo In-sung Jo In-sung Bae Seong-woo Han Jae-rim Drama Crime
David Ryan Keith,Michael Koltes,Michael Koltes,Lisa Livingstone,Horror,ghosts of darkness,Michael Koltes Michael Koltes Lisa Livingstone David Ryan Keith Horror
Dean Israelite,Dacre Montgomery,Dacre Montgomery,RJ Cyler,Action Adventure Sci-Fi,power rangers,Dacre Montgomery Dacre Montgomery RJ Cyler Dean Israelite Action Adventure Sci-Fi
Ridley Scott,Michael Fassbender,Michael Fassbender,Billy Crudup,Horror Sci-Fi Thriller,alien: covenant,Michael Fassbender Michael Fassbender Billy Crudup Ridley Scott Horror Sci-Fi Thriller
Massimiliano Bruno,Marco Giallini,Marco Giallini,Teresa Romagnoli,Comedy,beata ignoranza,Marco Giallini Marco Giallini Teresa Romagnoli Massimiliano Bruno Comedy
Ben Wheatley,Sharlto Copley,Sharlto Copley,Brie Larson,Action Comedy Crime Thriller,free fire,Sharlto Copley Sharlto Copley Brie Larson Ben Wheatley Action Comedy Crime Thriller
Kitty Green,Hannah Cagwin,Hannah Cagwin,Liv Bagley,Documentary,casting jonbenet,Hannah Cagwin Hannah Cagwin Liv Bagley Kitty Green Documentary
Etienne Comar,Reda Kateb,Reda Kateb,Àlex Brendemühl,Drama,django,Reda Kateb Reda Kateb Àlex Brendemühl Etienne Comar Drama
Samuli Valkama,Noah Kin,Noah Kin,Mikko Nousiainen,Comedy Drama,unexpected journey,Noah Kin Noah Kin Mikko Nousiainen Samuli Valkama Comedy Drama
Oren Moverman,Richard Gere,Richard Gere,Steve Coogan,Drama Thriller,the dinner,Richard Gere Richard Gere Steve Coogan Oren Moverman Drama Thriller
Josef Hader,Josef Hader,Josef Hader,Crina Semciuc,Comedy Crime Drama,wild mouse,Josef Hader Josef Hader Crina Semciuc Josef Hader Comedy Crime Drama
Brian Vernick,Cheryl M. Bailey,Cheryl M. Bailey,Shawn Bittenbender,Crime Drama,the avenue,Cheryl M. Bailey Cheryl M. Bailey Shawn Bittenbender Brian Vernick Crime Drama
Steven C. Miller,Nicolas Cage,Nicolas Cage,Adrian Grenier,Action Crime Thriller,arsenal,Nicolas Cage Nicolas Cage Adrian Grenier Steven C. Miller Action Crime Thriller
Adolfo Martínez Pérez,Ariadna Gil,Ariadna Gil,Antonio Garrido,War,rescue under fire,Ariadna Gil Ariadna Gil Antonio Garrido Adolfo Martínez Pérez War
Vanessa Parise,Haley Pullos,Haley Pullos,Sasha Clements,Drama,from straight a's to xxx,Haley Pullos Haley Pullos Sasha Clements Vanessa Parise Drama
Fernando González Molina,Marta Etura ,Marta Etura ,Francesc Orella,Thriller,the invisible guardian,Marta Etura  Marta Etura  Francesc Orella Fernando González Molina Thriller
Aaron Katz,Lola Kirke,Lola Kirke,John Cho,Thriller,gemini,Lola Kirke Lola Kirke John Cho Aaron Katz Thriller
Fiona Gordon Dominique Abel,Fiona Gordon,Fiona Gordon,Emmanuelle Riva,Comedy,lost in paris,Fiona Gordon Fiona Gordon Emmanuelle Riva Fiona Gordon Dominique Abel Comedy
Francis Whately,Tony Visconti,Tony Visconti,Tony Basil,Music Documentary,david bowie: the last five years,Tony Visconti Tony Visconti Tony Basil Francis Whately Music Documentary
Amanda Kernell,Lene Cecilia Sparrok,Lene Cecilia Sparrok,Maj-Doris Rimpi,Drama,sami blood,Lene Cecilia Sparrok Lene Cecilia Sparrok Maj-Doris Rimpi Amanda Kernell Drama
Andrew Getty,Fred Koehler,Fred Koehler,Brianna Brown,Horror,the evil within,Fred Koehler Fred Koehler Brianna Brown Andrew Getty Horror
Mark Pellington,Shirley MacLaine,Shirley MacLaine,Anne Heche,Comedy Drama,the last word,Shirley MacLaine Shirley MacLaine Anne Heche Mark Pellington Comedy Drama
Dax Shepard,Michael Peña,Michael Peña,Jessica McNamee,Action Comedy Crime,chips,Michael Peña Michael Peña Jessica McNamee Dax Shepard Action Comedy Crime
Jeffrey Blitz,Anna Kendrick,Anna Kendrick,June Squibb,Comedy Drama,table 19,Anna Kendrick Anna Kendrick June Squibb Jeffrey Blitz Comedy Drama
Zach Braff,Morgan Freeman,Morgan Freeman,Alan Arkin,Crime Comedy Drama,going in style,Morgan Freeman Morgan Freeman Alan Arkin Zach Braff Crime Comedy Drama
Geoffrey Orthwein Andrew Sullivan,Maika Monroe,Maika Monroe,Arnar Jónsson,Drama Sci-Fi Thriller,bokeh,Maika Monroe Maika Monroe Arnar Jónsson Geoffrey Orthwein Andrew Sullivan Drama Sci-Fi Thriller
Philippe Lacheau,Philippe Lacheau,Philippe Lacheau,Julien Arruti,Comedy,alibi.com,Philippe Lacheau Philippe Lacheau Julien Arruti Philippe Lacheau Comedy
Gavin Wiesen,J.K. Simmons,J.K. Simmons,Emile Hirsch,Comedy,all nighter,J.K. Simmons J.K. Simmons Emile Hirsch Gavin Wiesen Comedy
Nicolas Bedos,Nicolas Bedos,Nicolas Bedos,Denis Podalydès,Romance Drama Comedy,mr & mme adelman,Nicolas Bedos Nicolas Bedos Denis Podalydès Nicolas Bedos Romance Drama Comedy
Sydney Freeland,Ashleigh Murray,Ashleigh Murray,Tim Blake Nelson,Drama Comedy Crime,deidra & laney rob a train,Ashleigh Murray Ashleigh Murray Tim Blake Nelson Sydney Freeland Drama Comedy Crime
Simon Amstell,Simon Amstell,Simon Amstell,Martin Freeman,Sci-Fi Comedy Documentary,carnage: swallowing the past,Simon Amstell Simon Amstell Martin Freeman Simon Amstell Sci-Fi Comedy Documentary
Tommy O'Haver,Melissa Leo,Melissa Leo,Michael Chernus,Crime Drama,the most hated woman in america,Melissa Leo Melissa Leo Michael Chernus Tommy O'Haver Crime Drama
George Mendeluk,Max Irons,Max Irons,Terence Stamp,War Drama History Romance,bitter harvest,Max Irons Max Irons Terence Stamp George Mendeluk War Drama History Romance
Johnny Martin,Nicolas Cage,Nicolas Cage,Anna Hutchison,Action Thriller,vengeance: a love story,Nicolas Cage Nicolas Cage Anna Hutchison Johnny Martin Action Thriller
Álex de la Iglesia,Mario Casas,Mario Casas,Carmen Machi,Horror Thriller Comedy,the bar,Mario Casas Mario Casas Carmen Machi Álex de la Iglesia Horror Thriller Comedy
Ned Crowley,Jim O'Heir,Jim O'Heir,Josh McDermitt,Drama Comedy Crime Thriller,middle man,Jim O'Heir Jim O'Heir Josh McDermitt Ned Crowley Drama Comedy Crime Thriller
Nathan Adloff,Tim Boardman,Tim Boardman,Stephen Root,Drama,miles,Tim Boardman Tim Boardman Stephen Root Nathan Adloff Drama
Kelly Asbury,Julia Roberts,Julia Roberts,Ellie Kemper,Adventure Animation Comedy Family,smurfs: the lost village,Julia Roberts Julia Roberts Ellie Kemper Kelly Asbury Adventure Animation Comedy Family
Charlie McDowell,Jason Segel,Jason Segel,Robert Redford,Drama Romance Sci-Fi Thriller,the discovery,Jason Segel Jason Segel Robert Redford Charlie McDowell Drama Romance Sci-Fi Thriller
Gurinder Chadha,Hugh Bonneville,Hugh Bonneville,Michael Gambon,Drama History,viceroy's house,Hugh Bonneville Hugh Bonneville Michael Gambon Gurinder Chadha Drama History
Alec Su,Nick Wang,Nick Wang,Ruby Lin,Mystery Thriller,the devotion of suspect x,Nick Wang Nick Wang Ruby Lin Alec Su Mystery Thriller
Niki Caro,Jessica Chastain,Jessica Chastain,Daniel Brühl,Drama History,the zookeeper's wife,Jessica Chastain Jessica Chastain Daniel Brühl Niki Caro Drama History
Miguel A. Ferrer,Amy Johnston,Amy Johnston,Rey Goyos,Drama Action,female fight club,Amy Johnston Amy Johnston Rey Goyos Miguel A. Ferrer Drama Action
Robert Legato,Eliza Dushku,Eliza Dushku,Chace Crawford,Horror Mystery Thriller,eloise,Eliza Dushku Eliza Dushku Chace Crawford Robert Legato Horror Mystery Thriller
Marc Webb,Chris Evans,Chris Evans,Lindsay Duncan,Drama,gifted,Chris Evans Chris Evans Lindsay Duncan Marc Webb Drama
Sam Liu,Stuart Allan,Stuart Allan,Taissa Farmiga,Sci-Fi Animation Action,teen titans: the judas contract,Stuart Allan Stuart Allan Taissa Farmiga Sam Liu Sci-Fi Animation Action
Elliott Lester,Arnold Schwarzenegger,Arnold Schwarzenegger,Maggie Grace,Drama Thriller,aftermath,Arnold Schwarzenegger Arnold Schwarzenegger Maggie Grace Elliott Lester Drama Thriller
Ole Bornedal,Nicolas Bro,Nicolas Bro,Mia Lyhne,Comedy Crime Drama,small town killers,Nicolas Bro Nicolas Bro Mia Lyhne Ole Bornedal Comedy Crime Drama
Ricardo Herrera,Andy Goldenberg,Andy Goldenberg,Nick Armstrong,Comedy,the bigfoot project,Andy Goldenberg Andy Goldenberg Nick Armstrong Ricardo Herrera Comedy
Jon Gunn,Mike Vogel,Mike Vogel,Faye Dunaway,Drama,the case for christ,Mike Vogel Mike Vogel Faye Dunaway Jon Gunn Drama
Leif Tilden,Graham Rogers,Graham Rogers,Liana Liberato,Drama Romance,1 mile to you,Graham Rogers Graham Rogers Liana Liberato Leif Tilden Drama Romance
Aaron Woodley,Jessica Biel,Jessica Biel,Susan Sarandon,Adventure Animation Comedy Family Sci-Fi,spark: a space tail,Jessica Biel Jessica Biel Susan Sarandon Aaron Woodley Adventure Animation Comedy Family Sci-Fi
Stella Meghie,Amandla Stenberg,Amandla Stenberg,Anika Noni Rose,Drama Romance,"everything, everything",Amandla Stenberg Amandla Stenberg Anika Noni Rose Stella Meghie Drama Romance
David Bowers,Jason Ian Drucker,Jason Ian Drucker,Charlie Wright,Comedy Family,diary of a wimpy kid: the long haul,Jason Ian Drucker Jason Ian Drucker Charlie Wright David Bowers Comedy Family
Alain Gomis,Véro Tshanda Beya Mputu,Véro Tshanda Beya Mputu,Papi Mpaka,Drama,félicité,Véro Tshanda Beya Mputu Véro Tshanda Beya Mputu Papi Mpaka Alain Gomis Drama
Andrey Volgin,Agniya Ditkovskite,Agniya Ditkovskite,Anvar Khalilulaev,Action Fantasy,dance to death,Agniya Ditkovskite Agniya Ditkovskite Anvar Khalilulaev Andrey Volgin Action Fantasy
Dmitriy Kiselev,Evgeny Mironov,Evgeny Mironov,Vladimir Ilin,Adventure Drama History,the spacewalker,Evgeny Mironov Evgeny Mironov Vladimir Ilin Dmitriy Kiselev Adventure Drama History
Seth Gordon,Dwayne Johnson,Dwayne Johnson,Alexandra Daddario,Action Comedy,baywatch,Dwayne Johnson Dwayne Johnson Alexandra Daddario Seth Gordon Action Comedy
Denise Di Novi,Rosario Dawson,Rosario Dawson,Geoff Stults,Drama Thriller,unforgettable,Rosario Dawson Rosario Dawson Geoff Stults Denise Di Novi Drama Thriller
Jonathan Levine,Amy Schumer,Amy Schumer,Tom Bateman,Action Comedy,snatched,Amy Schumer Amy Schumer Tom Bateman Jonathan Levine Action Comedy
Alex Kurtzman,Tom Cruise,Tom Cruise,Annabelle Wallis,Thriller Action Adventure,the mummy,Tom Cruise Tom Cruise Annabelle Wallis Alex Kurtzman Thriller Action Adventure
Alastair Orr,Sharni Vinson,Sharni Vinson,Steve John Ward,Action Horror,from a house on willow street,Sharni Vinson Sharni Vinson Steve John Ward Alastair Orr Action Horror
F. Gary Gray,Vin Diesel,Vin Diesel,Dwayne Johnson,Action Crime Thriller,the fate of the furious,Vin Diesel Vin Diesel Dwayne Johnson F. Gary Gray Action Crime Thriller
Bryce Wagoner,Ginger Lynn Allen,Ginger Lynn Allen,Janine Lindemulder,Documentary,after porn ends 2,Ginger Lynn Allen Ginger Lynn Allen Janine Lindemulder Bryce Wagoner Documentary
Gerard McMurray,Trevor Jackson,Trevor Jackson,Steve Harris,Drama,burning sands,Trevor Jackson Trevor Jackson Steve Harris Gerard McMurray Drama
Ian Truitner,Sunny Mabrey,Sunny Mabrey,T.J. Hoban,Sci-Fi,teleios,Sunny Mabrey Sunny Mabrey T.J. Hoban Ian Truitner Sci-Fi
Steven Brill,Adam Sandler,Adam Sandler,Terry Crews,Comedy,sandy wexler,Adam Sandler Adam Sandler Terry Crews Steven Brill Comedy
Phil Volken,Bethany Joy Lenz,Bethany Joy Lenz,Tim Griffin,Action Adventure Crime Drama Thriller,extortion,Bethany Joy Lenz Bethany Joy Lenz Tim Griffin Phil Volken Action Adventure Crime Drama Thriller
Michael O'Shea,Eric Ruffin,Eric Ruffin,Aaron Moten,Horror Drama,the transfiguration,Eric Ruffin Eric Ruffin Aaron Moten Michael O'Shea Horror Drama
Carson D. Mell,Steve Zissis,Steve Zissis,Jennifer Irwin,Comedy Horror,another evil,Steve Zissis Steve Zissis Jennifer Irwin Carson D. Mell Comedy Horror
Joe Swanberg,Jake Johnson,Jake Johnson,Joe Lo Truglio,Comedy,win it all,Jake Johnson Jake Johnson Joe Lo Truglio Joe Swanberg Comedy
David Soren,Kevin Hart,Kevin Hart,Thomas Middleditch,Action Animation Comedy Family,captain underpants: the first epic movie,Kevin Hart Kevin Hart Thomas Middleditch David Soren Action Animation Comedy Family
Carlos Bolado,Martha Higareda,Martha Higareda,Christian Vazquez,Family Comedy,3 idiotas,Martha Higareda Martha Higareda Christian Vazquez Carlos Bolado Family Comedy
Zoe Lister-Jones,Zoe Lister-Jones,Zoe Lister-Jones,Fred Armisen,Comedy,band aid,Zoe Lister-Jones Zoe Lister-Jones Fred Armisen Zoe Lister-Jones Comedy
Trey Edward Shults,Joel Edgerton,Joel Edgerton,Carmen Ejogo,Horror Mystery Thriller,it comes at night,Joel Edgerton Joel Edgerton Carmen Ejogo Trey Edward Shults Horror Mystery Thriller
Gabriela Cowperthwaite,Kate Mara,Kate Mara,Tom Felton,Drama War,megan leavey,Kate Mara Kate Mara Tom Felton Gabriela Cowperthwaite Drama War
Roger Michell,Rachel Weisz,Rachel Weisz,Holliday Grainger,Drama Romance,my cousin rachel,Rachel Weisz Rachel Weisz Holliday Grainger Roger Michell Drama Romance
Doug Archibald,Artemis Pebdani,Artemis Pebdani,Angela Trimbur,Comedy,i love you both,Artemis Pebdani Artemis Pebdani Angela Trimbur Doug Archibald Comedy
Ari Issler Ben Snyder,Victor Almanzar,Victor Almanzar,Elizabeth Rodriguez,Drama Crime,11:55,Victor Almanzar Victor Almanzar Elizabeth Rodriguez Ari Issler Ben Snyder Drama Crime
Brian Fee,Owen Wilson,Owen Wilson,Chris Cooper,Family Comedy Animation Adventure,cars 3,Owen Wilson Owen Wilson Chris Cooper Brian Fee Family Comedy Animation Adventure
Aisling Walsh,Sally Hawkins,Sally Hawkins,Gabrielle Rose,Drama History Romance,maudie,Sally Hawkins Sally Hawkins Gabrielle Rose Aisling Walsh Drama History Romance
Takanori Tsujimoto,Kevin Dorman,Kevin Dorman,Erin Cahill,Action Adventure Animation Horror Mystery Sci-Fi,resident evil: vendetta,Kevin Dorman Kevin Dorman Erin Cahill Takanori Tsujimoto Action Adventure Animation Horror Mystery Sci-Fi
Fred Wolf,Leah Remini,Leah Remini,Charlie Sheen,Comedy,mad families,Leah Remini Leah Remini Charlie Sheen Fred Wolf Comedy
Luc Bondy,Isabelle Huppert,Isabelle Huppert,Bulle Ogier,Drama Comedy,false confessions,Isabelle Huppert Isabelle Huppert Bulle Ogier Luc Bondy Drama Comedy
James Nunn,Mike Mizanin,Mike Mizanin,Maryse Ouellet Mizanin,Action,the marine 5: battleground,Mike Mizanin Mike Mizanin Maryse Ouellet Mizanin James Nunn Action
Robert Conway,Monica Engesser,Monica Engesser,Maria Olsen,Horror,the covenant,Monica Engesser Monica Engesser Maria Olsen Robert Conway Horror
Savage Steve Holland,Jace Norman,Jace Norman,Haley Tju,Family Fantasy Comedy,rufus 2,Jace Norman Jace Norman Haley Tju Savage Steve Holland Family Fantasy Comedy
Colin Trevorrow,Naomi Watts,Naomi Watts,Jacob Tremblay,Thriller Drama Crime,the book of henry,Naomi Watts Naomi Watts Jacob Tremblay Colin Trevorrow Thriller Drama Crime
Brett Haley,Sam Elliott,Sam Elliott,Nick Offerman,Drama,the hero,Sam Elliott Sam Elliott Nick Offerman Brett Haley Drama
Matt Tyrnauer,Thomas Campanella,Thomas Campanella,Alexander Garvin,Documentary,citizen jane: battle for the city,Thomas Campanella Thomas Campanella Alexander Garvin Matt Tyrnauer Documentary
Doug Liman,Aaron Taylor-Johnson,Aaron Taylor-Johnson,Laith Nakli,Drama Thriller War,the wall,Aaron Taylor-Johnson Aaron Taylor-Johnson Laith Nakli Doug Liman Drama Thriller War
Salamat Mukhammed-Ali,Armand Assante,Armand Assante,Alexey Frandetti,Action,diamond cartel,Armand Assante Armand Assante Alexey Frandetti Salamat Mukhammed-Ali Action
Justin Barber,Florence Hartigan,Florence Hartigan,Chelsea Lopez,Horror Mystery Sci-Fi,phoenix forgotten,Florence Hartigan Florence Hartigan Chelsea Lopez Justin Barber Horror Mystery Sci-Fi
Eduardo Casanova,Jon Kortajarena,Jon Kortajarena,Ana Polvorosa,Drama Comedy,skins,Jon Kortajarena Jon Kortajarena Ana Polvorosa Eduardo Casanova Drama Comedy
George C. Wolfe,Rose Byrne,Rose Byrne,Oprah Winfrey,Drama,the immortal life of henrietta lacks,Rose Byrne Rose Byrne Oprah Winfrey George C. Wolfe Drama
Jason Connery,Peter Mullan,Peter Mullan,Ophelia Lovibond,Drama Romance,tommy's honour,Peter Mullan Peter Mullan Ophelia Lovibond Jason Connery Drama Romance
John Butler,Nicholas Galitzine,Nicholas Galitzine,Moe Dunford,Drama,handsome devil,Nicholas Galitzine Nicholas Galitzine Moe Dunford John Butler Drama
Ricardo de Montreuil,Demián Bichir,Demián Bichir,Theo Rossi,Drama,lowriders,Demián Bichir Demián Bichir Theo Rossi Ricardo de Montreuil Drama
Stefan Ruzowitzky,Violetta Schurawlow,Violetta Schurawlow,Robert Palfrader,Thriller,cold hell,Violetta Schurawlow Violetta Schurawlow Robert Palfrader Stefan Ruzowitzky Thriller
Vincent J. Guastini Michael McQuown,Cortney Palm,Cortney Palm,Emilia Zoryan,Horror Sci-Fi Thriller,the dark tapes,Cortney Palm Cortney Palm Emilia Zoryan Vincent J. Guastini Michael McQuown Horror Sci-Fi Thriller
Liam O'Donnell,Frank Grillo,Frank Grillo,Iko Uwais,Action Sci-Fi,beyond skyline,Frank Grillo Frank Grillo Iko Uwais Liam O'Donnell Action Sci-Fi
Gregori Viens,Henry Phillips,Henry Phillips,Sarah Silverman,Comedy,punching henry,Henry Phillips Henry Phillips Sarah Silverman Gregori Viens Comedy
Ken Marino,Eugenio Derbez,Eugenio Derbez,Rob Lowe,Comedy,how to be a latin lover,Eugenio Derbez Eugenio Derbez Rob Lowe Ken Marino Comedy
Michael Winterbottom,Steve Coogan,Steve Coogan,Claire Keelan,Drama Comedy,the trip to spain,Steve Coogan Steve Coogan Claire Keelan Michael Winterbottom Drama Comedy
Dave McCary,Kyle Mooney,Kyle Mooney,Mark Hamill,Comedy Drama,brigsby bear,Kyle Mooney Kyle Mooney Mark Hamill Dave McCary Comedy Drama
Derik Murray Adrian Buitenhuis,Heath Ledger,Heath Ledger,Kim Ledger,Documentary,i am heath ledger,Heath Ledger Heath Ledger Kim Ledger Derik Murray Adrian Buitenhuis Documentary
Fernando Coimbra,Nicholas Hoult,Nicholas Hoult,Henry Cavill,Drama War,sand castle,Nicholas Hoult Nicholas Hoult Henry Cavill Fernando Coimbra Drama War
Robert Dyke,Sarah Butler,Sarah Butler,Charles Shaughnessy,Action Sci-Fi Adventure,moontrap: target earth,Sarah Butler Sarah Butler Charles Shaughnessy Robert Dyke Action Sci-Fi Adventure
Roman Karimov,Efim Petrunin,Efim Petrunin,Sofya Rayzman,Comedy,"have fun, vasya!",Efim Petrunin Efim Petrunin Sofya Rayzman Roman Karimov Comedy
Park Kwang-hyun,Ji Chang-wook,Ji Chang-wook,Ahn Jae-hong,Action,fabricated city,Ji Chang-wook Ji Chang-wook Ahn Jae-hong Park Kwang-hyun Action
Michael Apted,Noomi Rapace,Noomi Rapace,Michael Douglas,Action Thriller,unlocked,Noomi Rapace Noomi Rapace Michael Douglas Michael Apted Action Thriller
Eric D. Howell,Emilia Clarke,Emilia Clarke,Caterina Murino,Drama Mystery Romance Thriller,voice from the stone,Emilia Clarke Emilia Clarke Caterina Murino Eric D. Howell Drama Mystery Romance Thriller
E.L. Katz,Nikolaj Coster-Waldau,Nikolaj Coster-Waldau,Robert Forster,Drama Comedy Thriller Crime,small crimes,Nikolaj Coster-Waldau Nikolaj Coster-Waldau Robert Forster E.L. Katz Drama Comedy Thriller Crime
Murat Kepez,Çaglar Çorumlu,Çaglar Çorumlu,Mahir Ipek,Comedy,kolonya cumhuriyeti,Çaglar Çorumlu Çaglar Çorumlu Mahir Ipek Murat Kepez Comedy
Mark Lamprell,Dacre Montgomery,Dacre Montgomery,Kris Marshall,Comedy,a few less men,Dacre Montgomery Dacre Montgomery Kris Marshall Mark Lamprell Comedy
Richard Sears,Jena Malone,Jena Malone,Ted Levine,Drama Mystery Thriller,bottom of the world,Jena Malone Jena Malone Ted Levine Richard Sears Drama Mystery Thriller
Simon West,Dominic Cooper,Dominic Cooper,Connie Nielsen,Action Thriller,stratton,Dominic Cooper Dominic Cooper Connie Nielsen Simon West Action Thriller
Azazel Jacobs,Debra Winger,Debra Winger,Aidan Gillen,Comedy,the lovers,Debra Winger Debra Winger Aidan Gillen Azazel Jacobs Comedy
S.S. Rajamouli,Prabhas,Prabhas,Sathyaraj,Action Adventure History War,baahubali 2: the conclusion,Prabhas Prabhas Sathyaraj S.S. Rajamouli Action Adventure History War
Juanita Wilson,Julia Garner,Julia Garner,Anna Friel,Drama Thriller,tomato red,Julia Garner Julia Garner Anna Friel Juanita Wilson Drama Thriller
Grant Humphreys,Ronan Quarmby,Ronan Quarmby,Barbara Harrison,Sci-Fi,taking earth,Ronan Quarmby Ronan Quarmby Barbara Harrison Grant Humphreys Sci-Fi
Maccio Capatonda,Maccio Capatonda,Maccio Capatonda,Maccio Capatonda,Comedy,omicidio all'italiana,Maccio Capatonda Maccio Capatonda Maccio Capatonda Maccio Capatonda Comedy
Joseph Cedar,Richard Gere,Richard Gere,Michael Sheen,Comedy Thriller Drama,norman: the moderate rise and tragic fall of a new york fixer,Richard Gere Richard Gere Michael Sheen Joseph Cedar Comedy Thriller Drama
Jamie Cymbal Ryan Simons,Jimmy Allen,Jimmy Allen,Chris Blackwood,Horror,seizure,Jimmy Allen Jimmy Allen Chris Blackwood Jamie Cymbal Ryan Simons Horror
Franck Khalfoun,Bella Thorne,Bella Thorne,Jennifer Morrison,Thriller Horror,amityville: the awakening,Bella Thorne Bella Thorne Jennifer Morrison Franck Khalfoun Thriller Horror
Sofia Coppola,Colin Farrell,Colin Farrell,Kirsten Dunst,Drama Western,the beguiled,Colin Farrell Colin Farrell Kirsten Dunst Sofia Coppola Drama Western
Sierra Pettengill Pacho Velez,Ronald Reagan,Ronald Reagan,Barbara Walters,Documentary,the reagan show,Ronald Reagan Ronald Reagan Barbara Walters Sierra Pettengill Pacho Velez Documentary
Edgar Wright,Ansel Elgort,Ansel Elgort,Kevin Spacey,Action Crime,baby driver,Ansel Elgort Ansel Elgort Kevin Spacey Edgar Wright Action Crime
Bong Joon-ho,Tilda Swinton,Tilda Swinton,Ahn Seo-hyun ,Adventure Drama Fantasy Sci-Fi,okja,Tilda Swinton Tilda Swinton Ahn Seo-hyun  Bong Joon-ho Adventure Drama Fantasy Sci-Fi
Jay Woelfel,Tim Thomerson,Tim Thomerson,Tiffany Shepis,Horror,asylum of darkness,Tim Thomerson Tim Thomerson Tiffany Shepis Jay Woelfel Horror
Lucia Aniello,Scarlett Johansson,Scarlett Johansson,Kate McKinnon,Drama Comedy,rough night,Scarlett Johansson Scarlett Johansson Kate McKinnon Lucia Aniello Drama Comedy
Sean Foley,Julian Barratt,Julian Barratt,Essie Davis,Comedy,mindhorn,Julian Barratt Julian Barratt Essie Davis Sean Foley Comedy
Kevin Macdonald,Richard Madden,Richard Madden,Moshidi Motshegwa,TV Movie Drama Sci-Fi,oasis,Richard Madden Richard Madden Moshidi Motshegwa Kevin Macdonald TV Movie Drama Sci-Fi
Vlad Yudin,Calum Von Moger,Calum Von Moger,Rich Piana,Documentary,generation iron 2,Calum Von Moger Calum Von Moger Rich Piana Vlad Yudin Documentary
Amariah Olson Obin Olson,Jonathan Rhys Meyers,Jonathan Rhys Meyers,Michael Biehn,Sci-Fi Action Thriller,the shadow effect,Jonathan Rhys Meyers Jonathan Rhys Meyers Michael Biehn Amariah Olson Obin Olson Sci-Fi Action Thriller
Deven Bhojani,Vidyut Jamwal,Vidyut Jamwal,Freddy Daruwala,Action,commando 2: the black money trail,Vidyut Jamwal Vidyut Jamwal Freddy Daruwala Deven Bhojani Action
Avgousta Zourelidi,Katy Townsend,Katy Townsend,Cassandra Morris,Family Animation,monster high: electrified,Katy Townsend Katy Townsend Cassandra Morris Avgousta Zourelidi Family Animation
Geremy Jasper,Danielle Macdonald,Danielle Macdonald,Siddharth Dhananjay,Drama,patti cake$,Danielle Macdonald Danielle Macdonald Siddharth Dhananjay Geremy Jasper Drama
Andrey Zvyagintsev,Maryana Spivak,Maryana Spivak,Matvey Novikov,Drama,loveless,Maryana Spivak Maryana Spivak Matvey Novikov Andrey Zvyagintsev Drama
Mel Damski,Lacey Chabert,Lacey Chabert,Jesse Moss,Romance TV Movie,moonlight in vermont,Lacey Chabert Lacey Chabert Jesse Moss Mel Damski Romance TV Movie
Jeff Garlin,Jeff Garlin,Jeff Garlin,Chris Redd,Comedy,handsome: a netflix mystery movie,Jeff Garlin Jeff Garlin Chris Redd Jeff Garlin Comedy
Don Argott Sheena M. Joyce,Michael Uslan,Michael Uslan,Marc Tyler Nobleman,Documentary,batman & bill,Michael Uslan Michael Uslan Marc Tyler Nobleman Don Argott Sheena M. Joyce Documentary
Ivan Silvestrini,Katrina Bowden,Katrina Bowden,Damon Dayoub,Drama Thriller,monolith,Katrina Bowden Katrina Bowden Damon Dayoub Ivan Silvestrini Drama Thriller
Tony E. Valenzuela,Robert Adamson,Robert Adamson,Conchata Ferrell,Horror,the axe murders of villisca,Robert Adamson Robert Adamson Conchata Ferrell Tony E. Valenzuela Horror
Brian Crano,Rebecca Hall,Rebecca Hall,Dan Stevens,Comedy Romance,permission,Rebecca Hall Rebecca Hall Dan Stevens Brian Crano Comedy Romance
Arnaud Desplechin,Mathieu Amalric,Mathieu Amalric,Charlotte Gainsbourg,Drama Romance Thriller,ismael's ghosts,Mathieu Amalric Mathieu Amalric Charlotte Gainsbourg Arnaud Desplechin Drama Romance Thriller
Jonathan Mostow,Sam Worthington,Sam Worthington,Amy Landecker,Action Thriller,the hunter's prayer,Sam Worthington Sam Worthington Amy Landecker Jonathan Mostow Action Thriller
Lucien Jean-Baptiste,Lucien Jean-Baptiste,Lucien Jean-Baptiste,Vincent Elbaz,Comedy,he even has your eyes,Lucien Jean-Baptiste Lucien Jean-Baptiste Vincent Elbaz Lucien Jean-Baptiste Comedy
Miguel Arteta,Salma Hayek,Salma Hayek,Connie Britton,Comedy Drama,beatriz at dinner,Salma Hayek Salma Hayek Connie Britton Miguel Arteta Comedy Drama
Dylan Bank Morgan Pehme Daniel DiMauro,Roger Stone,Roger Stone,Paul Manafort,Documentary,get me roger stone,Roger Stone Roger Stone Paul Manafort Dylan Bank Morgan Pehme Daniel DiMauro Documentary
Robert Kirbyson,John Hennigan,John Hennigan,Lorenzo Lamas,Action,boone: the bounty hunter,John Hennigan John Hennigan Lorenzo Lamas Robert Kirbyson Action
Kyle Balda Pierre Coffin,Steve Carell,Steve Carell,Trey Parker,Action Animation Adventure Family Comedy,despicable me 3,Steve Carell Steve Carell Trey Parker Kyle Balda Pierre Coffin Action Animation Adventure Family Comedy
Hope Dickson Leach,Ellie Kendrick,Ellie Kendrick,Jack Holden,Drama,the levelling,Ellie Kendrick Ellie Kendrick Jack Holden Hope Dickson Leach Drama
Alexi Pappas Jeremy Teicher,Alexi Pappas,Alexi Pappas,Rebecca Friday,Drama,tracktown,Alexi Pappas Alexi Pappas Rebecca Friday Alexi Pappas Jeremy Teicher Drama
Rupert Goold,Tim Pigott-Smith,Tim Pigott-Smith,Oliver Chris,Drama,king charles iii,Tim Pigott-Smith Tim Pigott-Smith Oliver Chris Rupert Goold Drama
Lucas Pavetto,Bill Moseley,Bill Moseley,John Robinson,Drama Thriller,alcoholist,Bill Moseley Bill Moseley John Robinson Lucas Pavetto Drama Thriller
Phillip Guzman,Lori Petty,Lori Petty,Brea Grant,Horror Thriller,dead awake,Lori Petty Lori Petty Brea Grant Phillip Guzman Horror Thriller
Martin Provost,Catherine Frot,Catherine Frot,Olivier Gourmet,Comedy Drama,the midwife,Catherine Frot Catherine Frot Olivier Gourmet Martin Provost Comedy Drama
Mark Williams,Gerard Butler,Gerard Butler,Willem Dafoe,Drama,a family man,Gerard Butler Gerard Butler Willem Dafoe Mark Williams Drama
Barry Levinson,Robert De Niro,Robert De Niro,Hank Azaria,Crime Drama History TV Movie,the wizard of lies,Robert De Niro Robert De Niro Hank Azaria Barry Levinson Crime Drama History TV Movie
Hiroyuki Seshita,Takahiro Sakurai,Takahiro Sakurai,Sora Amamiya,Action Animation Drama Horror Sci-Fi,blame!,Takahiro Sakurai Takahiro Sakurai Sora Amamiya Hiroyuki Seshita Action Animation Drama Horror Sci-Fi
Peter Malota,Jean-Claude Van Damme,Jean-Claude Van Damme,María Conchita Alonso,Action,kill 'em all,Jean-Claude Van Damme Jean-Claude Van Damme María Conchita Alonso Peter Malota Action
Tim Smit,Dan Stevens,Dan Stevens,Charity Wakefield,Sci-Fi,kill switch,Dan Stevens Dan Stevens Charity Wakefield Tim Smit Sci-Fi
Ana Lily Amirpour,Suki Waterhouse,Suki Waterhouse,Jayda Fink,Thriller Romance Sci-Fi,the bad batch,Suki Waterhouse Suki Waterhouse Jayda Fink Ana Lily Amirpour Thriller Romance Sci-Fi
Sarah Harding,Rowan Atkinson,Rowan Atkinson,Shaun Dingwall,TV Movie Crime Mystery Thriller,maigrets night at the crossroads,Rowan Atkinson Rowan Atkinson Shaun Dingwall Sarah Harding TV Movie Crime Mystery Thriller
Matt Reeves,Andy Serkis,Andy Serkis,Steve Zahn,Drama Sci-Fi War,war for the planet of the apes,Andy Serkis Andy Serkis Steve Zahn Matt Reeves Drama Sci-Fi War
Xavier Manrique,Shiloh Fernandez,Shiloh Fernandez,Addison Timlin,Drama Comedy,chronically metropolitan,Shiloh Fernandez Shiloh Fernandez Addison Timlin Xavier Manrique Drama Comedy
Luis Prieto,Halle Berry,Halle Berry,Chris McGinn,Drama Thriller,kidnap,Halle Berry Halle Berry Chris McGinn Luis Prieto Drama Thriller
Derek Hui,Takeshi Kaneshiro,Takeshi Kaneshiro,Ming Xi,Comedy Romance,this is not what i expected,Takeshi Kaneshiro Takeshi Kaneshiro Ming Xi Derek Hui Comedy Romance
John Cameron Mitchell,Elle Fanning,Elle Fanning,Ruth Wilson,Comedy Music Romance Sci-Fi,how to talk to girls at parties,Elle Fanning Elle Fanning Ruth Wilson John Cameron Mitchell Comedy Music Romance Sci-Fi
Noah Baumbach,Adam Sandler,Adam Sandler,Dustin Hoffman,Comedy,the meyerowitz stories,Adam Sandler Adam Sandler Dustin Hoffman Noah Baumbach Comedy
David Michôd,Brad Pitt,Brad Pitt,John Magaro,Comedy Drama War,war machine,Brad Pitt Brad Pitt John Magaro David Michôd Comedy Drama War
Josh Greenbaum,George Lazenby,George Lazenby,Kassandra Clementi,Documentary Comedy,becoming bond,George Lazenby George Lazenby Kassandra Clementi Josh Greenbaum Documentary Comedy
Rama Burshtein,Noa Kooler,Noa Kooler,Oz Zehavi,Comedy Romance,the wedding plan,Noa Kooler Noa Kooler Oz Zehavi Rama Burshtein Comedy Romance
Richard Curtis Mat Whitecross,Hugh Grant,Hugh Grant,Liam Neeson,TV Movie Comedy Romance,red nose day actually,Hugh Grant Hugh Grant Liam Neeson Richard Curtis Mat Whitecross TV Movie Comedy Romance
Nick Broomfield Rudi Dolezal,Whitney Houston,Whitney Houston,Bobby Brown,Music Documentary,whitney: can i be me,Whitney Houston Whitney Houston Bobby Brown Nick Broomfield Rudi Dolezal Music Documentary
Luc Besson,Dane DeHaan,Dane DeHaan,Clive Owen,Adventure Sci-Fi Action,valerian and the city of a thousand planets,Dane DeHaan Dane DeHaan Clive Owen Luc Besson Adventure Sci-Fi Action
Mathieu Ratthe,Alex C. Nachi,Alex C. Nachi,Victor Andres Turgeon-Trelles,Horror Sci-Fi Action,the gracefield incident,Alex C. Nachi Alex C. Nachi Victor Andres Turgeon-Trelles Mathieu Ratthe Horror Sci-Fi Action
Amir Bar-Lev,Jerry Garcia,Jerry Garcia,Mickey Hart,Music Documentary,long strange trip,Jerry Garcia Jerry Garcia Mickey Hart Amir Bar-Lev Music Documentary
Michael Barnett,Bill Nye,Bill Nye,Neil deGrasse Tyson,Documentary,the mars generation,Bill Nye Bill Nye Neil deGrasse Tyson Michael Barnett Documentary
Gábor Herendi Buda Gulyás,Ervin Nagy,Ervin Nagy,Tibor Gáspár,Romance Adventure Drama History,kincsem,Ervin Nagy Ervin Nagy Tibor Gáspár Gábor Herendi Buda Gulyás Romance Adventure Drama History
André Erkau,Kostja Ullmann,Kostja Ullmann,Wotan Wilke Möhring,Comedy,happy burnout,Kostja Ullmann Kostja Ullmann Wotan Wilke Möhring André Erkau Comedy
Sergey Ginzburg,Konstantin Kryukov,Konstantin Kryukov,Aglaya Shilovskaya,Horror Action Fantasy Thriller,vamps,Konstantin Kryukov Konstantin Kryukov Aglaya Shilovskaya Sergey Ginzburg Horror Action Fantasy Thriller
Bob Schultz Robert Conway,Whitney Moore,Whitney Moore,Owen Conway,Drama Horror Thriller,breakdown lane,Whitney Moore Whitney Moore Owen Conway Bob Schultz Robert Conway Drama Horror Thriller
Guillaume Canet,Guillaume Canet,Guillaume Canet,Gilles Lellouche,Comedy Music,rock'n roll,Guillaume Canet Guillaume Canet Gilles Lellouche Guillaume Canet Comedy Music
Brian Goodman,Jonathan Rhys Meyers,Jonathan Rhys Meyers,Piper Perabo,Thriller,black butterfly,Jonathan Rhys Meyers Jonathan Rhys Meyers Piper Perabo Brian Goodman Thriller
Patrick O'Dell,Steve Rocco,Steve Rocco,Johnny Knoxville,Documentary,dumb: the story of big brother magazine,Steve Rocco Steve Rocco Johnny Knoxville Patrick O'Dell Documentary
Emer Reynolds,Frank Drake,Frank Drake,Lawrence Krauss,Documentary,the farthest,Frank Drake Frank Drake Lawrence Krauss Emer Reynolds Documentary
Toby Genkel Reza Memari,Tilman Döbler,Tilman Döbler,Shannon Conley,Adventure Animation,a stork's journey,Tilman Döbler Tilman Döbler Shannon Conley Toby Genkel Reza Memari Adventure Animation
Nick Hamm,Timothy Spall,Timothy Spall,Freddie Highmore,Drama,the journey,Timothy Spall Timothy Spall Freddie Highmore Nick Hamm Drama
Roger Donaldson,Dwayne Cameron,Dwayne Cameron,Alastair Caldwell,Documentary,mclaren,Dwayne Cameron Dwayne Cameron Alastair Caldwell Roger Donaldson Documentary
Blake Freeman,Danny Trejo,Danny Trejo,Mindy Robinson,Comedy Action Adventure,all about the money,Danny Trejo Danny Trejo Mindy Robinson Blake Freeman Comedy Action Adventure
Gerard Barrett,Chloë Grace Moretz,Chloë Grace Moretz,Richard Armitage,Drama,brain on fire,Chloë Grace Moretz Chloë Grace Moretz Richard Armitage Gerard Barrett Drama
Kim Joon-Sung,Go Soo,Go Soo,Park Yoo-chun,Sci-Fi Thriller,lucid dream,Go Soo Go Soo Park Yoo-chun Kim Joon-Sung Sci-Fi Thriller
Jason Bourque,Sean Bean,Sean Bean,Joel David Moore,Thriller,drone,Sean Bean Sean Bean Joel David Moore Jason Bourque Thriller
Patrik Syversen,Marte Germaine Christensen,Marte Germaine Christensen,Tom Rhys Harries,Adventure,dragonheart: battle for the heartfire,Marte Germaine Christensen Marte Germaine Christensen Tom Rhys Harries Patrik Syversen Adventure
Nicole Jones-Dion,Anna Harr,Anna Harr,Phyllis Spielman,Adventure Sci-Fi,stasis,Anna Harr Anna Harr Phyllis Spielman Nicole Jones-Dion Adventure Sci-Fi
Anita Barbosa,Isis Valverde,Isis Valverde,Joaquim Lopes,Romance,amor.com,Isis Valverde Isis Valverde Joaquim Lopes Anita Barbosa Romance
Frank Lotito,Roni Akurati,Roni Akurati,Jason Lee,Comedy Family Drama,growing up smith,Roni Akurati Roni Akurati Jason Lee Frank Lotito Comedy Family Drama
Deb Shoval,Lola Kirke,Lola Kirke,Dale Soules,Drama,awol,Lola Kirke Lola Kirke Dale Soules Deb Shoval Drama
Oren Uziel,Rainn Wilson,Rainn Wilson,John Michael Higgins,Thriller Crime Drama Mystery,shimmer lake,Rainn Wilson Rainn Wilson John Michael Higgins Oren Uziel Thriller Crime Drama Mystery
Alan Mak Anthony Pun,Huang Xuan,Huang Xuan,Lang Yueting,Action Crime Thriller,extraordinary mission,Huang Xuan Huang Xuan Lang Yueting Alan Mak Anthony Pun Action Crime Thriller
Tommy Wirkola,Noomi Rapace,Noomi Rapace,Christian Rubeck,Sci-Fi Thriller,what happened to monday,Noomi Rapace Noomi Rapace Christian Rubeck Tommy Wirkola Sci-Fi Thriller
Ben Stassen Jérémie Degruson,Tom Beck,Tom Beck,Bob Barlen,Animation Comedy,the son of bigfoot,Tom Beck Tom Beck Bob Barlen Ben Stassen Jérémie Degruson Animation Comedy
Kentaro Hagiwara,Masataka Kubota,Masataka Kubota,Fumika Shimizu,Action Drama Horror Thriller,tokyo ghoul,Masataka Kubota Masataka Kubota Fumika Shimizu Kentaro Hagiwara Action Drama Horror Thriller
Ildikó Enyedi,Alexandra Borbély,Alexandra Borbély,Zoltán Schneider,Drama Romance,on body and soul,Alexandra Borbély Alexandra Borbély Zoltán Schneider Ildikó Enyedi Drama Romance
David Leitch,Charlize Theron,Charlize Theron,Sofia Boutella,Action Thriller,atomic blonde,Charlize Theron Charlize Theron Sofia Boutella David Leitch Action Thriller
Gordon Chan,Vincent Zhao,Vincent Zhao,Regina Wan,Action History,god of war,Vincent Zhao Vincent Zhao Regina Wan Gordon Chan Action History
Tommy Stovall,James Martinez,James Martinez,Michael Chieffo,Drama Horror Mystery Thriller,aaron's blood,James Martinez James Martinez Michael Chieffo Tommy Stovall Drama Horror Mystery Thriller
Kim Tae-yoon,Jung Woo,Jung Woo,Kim Hae-sook,Drama,new trial,Jung Woo Jung Woo Kim Hae-sook Kim Tae-yoon Drama
David Leveaux,Lily James,Lily James,Eddie Marsan,Drama,the exception,Lily James Lily James Eddie Marsan David Leveaux Drama
Jay Baruchel,Seann William Scott,Seann William Scott,Marc-André Grondin,Comedy,goon: last of the enforcers,Seann William Scott Seann William Scott Marc-André Grondin Jay Baruchel Comedy
Christopher Nolan,Fionn Whitehead,Fionn Whitehead,Jack Lowden,Action Drama History Thriller War,dunkirk,Fionn Whitehead Fionn Whitehead Jack Lowden Christopher Nolan Action Drama History Thriller War
Bharathan,Vijay,Vijay,Jagapati Babu,Action,bairavaa,Vijay Vijay Jagapati Babu Bharathan Action
Alberto G. Rodriguez,Eric Roberts,Eric Roberts,Jaime Zevallos,Thriller Drama Mystery,the summoning,Eric Roberts Eric Roberts Jaime Zevallos Alberto G. Rodriguez Thriller Drama Mystery
Mark Cullen,Bruce Willis,Bruce Willis,John Goodman,Action Comedy Thriller,once upon a time in venice,Bruce Willis Bruce Willis John Goodman Mark Cullen Action Comedy Thriller
Carlo Guillermo Proto,Denis Harting,Denis Harting,Lauviah Harting,Documentary,resurrecting hassan,Denis Harting Denis Harting Lauviah Harting Carlo Guillermo Proto Documentary
Bonni Cohen Jon Shenk,Al Gore,Al Gore,Donald Trump,Documentary,an inconvenient sequel: truth to power,Al Gore Al Gore Donald Trump Bonni Cohen Jon Shenk Documentary
Neill Blomkamp,Sigourney Weaver,Sigourney Weaver,Robert Hobbs,Action Sci-Fi,rakka,Sigourney Weaver Sigourney Weaver Robert Hobbs Neill Blomkamp Action Sci-Fi
Thomas Q. Napper,Johnny Harris,Johnny Harris,Ray Winstone,Action Drama,jawbone,Johnny Harris Johnny Harris Ray Winstone Thomas Q. Napper Action Drama
Sung-hoon Kim,Hyun Bin,Hyun Bin,Kim Joo-hyuk,Action Drama Comedy,confidential assignment,Hyun Bin Hyun Bin Kim Joo-hyuk Sung-hoon Kim Action Drama Comedy
Alex Merkin,Dolph Lundgren,Dolph Lundgren,Greer Grammer,Action Thriller,altitude,Dolph Lundgren Dolph Lundgren Greer Grammer Alex Merkin Action Thriller
David Firth,David Firth,David Firth,Christian Webb,Animation Comedy Sci-Fi,cream,David Firth David Firth Christian Webb David Firth Animation Comedy Sci-Fi
Hatem Khraiche,Clara Lago,Clara Lago,Álex González,Drama Sci-Fi Romance,orbiter 9,Clara Lago Clara Lago Álex González Hatem Khraiche Drama Sci-Fi Romance
John Scheinfeld,Denzel Washington,Denzel Washington,Bill Clinton,Documentary,chasing trane,Denzel Washington Denzel Washington Bill Clinton John Scheinfeld Documentary
Steve James,Neil Barofsky,Neil Barofsky,Jiayang Fan,Documentary,abacus: small enough to jail,Neil Barofsky Neil Barofsky Jiayang Fan Steve James Documentary
Michael Bay,Mark Wahlberg,Mark Wahlberg,Laura Haddock,Action Sci-Fi Thriller Adventure,transformers: the last knight,Mark Wahlberg Mark Wahlberg Laura Haddock Michael Bay Action Sci-Fi Thriller Adventure
Jonathan Teplitzky,Brian Cox,Brian Cox,John Slattery,Drama Thriller War,churchill,Brian Cox Brian Cox John Slattery Jonathan Teplitzky Drama Thriller War
Kabir Khan,Salman Khan,Salman Khan,Sohail Khan,Drama History War,tubelight,Salman Khan Salman Khan Sohail Khan Kabir Khan Drama History War
Ronnie Thompson,Matthew Goode,Matthew Goode,Larry Lamb,Crime,the hatton garden job,Matthew Goode Matthew Goode Larry Lamb Ronnie Thompson Crime
Joel Hopkins,Diane Keaton,Diane Keaton,James Norton,Romance Comedy,hampstead,Diane Keaton Diane Keaton James Norton Joel Hopkins Romance Comedy
Minhal Baig,Kyle Allen,Kyle Allen,Justin Chatwin,Drama Romance,1 night,Kyle Allen Kyle Allen Justin Chatwin Minhal Baig Drama Romance
Michael John Warren Alex Timbers,Nick Kroll,Nick Kroll,Steve Martin,Comedy,"oh, hello: on broadway",Nick Kroll Nick Kroll Steve Martin Michael John Warren Alex Timbers Comedy
Douglas Barr,Courtney Thorne-Smith,Courtney Thorne-Smith,Adam DiMarco,Mystery,site unseen: an emma fielding mystery,Courtney Thorne-Smith Courtney Thorne-Smith Adam DiMarco Douglas Barr Mystery
Phil Guidry Simon Herbert David Whelan,Monica Davis,Monica Davis,Patrick Pedraza,Horror Mystery,savageland,Monica Davis Monica Davis Patrick Pedraza Phil Guidry Simon Herbert David Whelan Horror Mystery
Léa Mysius,Noée Abita,Noée Abita,Juan Cano,Drama,ava,Noée Abita Noée Abita Juan Cano Léa Mysius Drama
Brent Bonacorso,Bella Thorne,Bella Thorne,Taylor John Smith,Thriller Romance Drama,you get me,Bella Thorne Bella Thorne Taylor John Smith Brent Bonacorso Thriller Romance Drama
John Shea,Eric Dane,Eric Dane,Amy Madigan,Thriller,grey lady,Eric Dane Eric Dane Amy Madigan John Shea Thriller
Joshua Safdie Ben Safdie,Robert Pattinson,Robert Pattinson,Ben Safdie,Drama Thriller Crime,good time,Robert Pattinson Robert Pattinson Ben Safdie Joshua Safdie Ben Safdie Drama Thriller Crime
Jason Flemyng,Charlie Cox,Charlie Cox,Mackenzie Crook,Action Comedy Horror,eat locals,Charlie Cox Charlie Cox Mackenzie Crook Jason Flemyng Action Comedy Horror
Marc Waltman,Sanne Langelaar,Sanne Langelaar,Imanuelle Grives,Romance Drama,tuintje in mijn hart,Sanne Langelaar Sanne Langelaar Imanuelle Grives Marc Waltman Romance Drama
Víctor García León,Santiago Alverú,Santiago Alverú,Alicia Rubio,Comedy,selfie,Santiago Alverú Santiago Alverú Alicia Rubio Víctor García León Comedy
Han Han,Eddie Peng,Eddie Peng,Zhao Liying,Comedy Drama,duckweed,Eddie Peng Eddie Peng Zhao Liying Han Han Comedy Drama
K. V. Anand,Vijay Sethupathi,Vijay Sethupathi,T. Rajendar,Thriller Drama,kavan,Vijay Sethupathi Vijay Sethupathi T. Rajendar K. V. Anand Thriller Drama
Andrew J. Cohen,Amy Poehler,Amy Poehler,Allison Tolman,Comedy,the house,Amy Poehler Amy Poehler Allison Tolman Andrew J. Cohen Comedy
Laurent Bouzereau,Guillermo del Toro,Guillermo del Toro,Paul Greengrass,War Documentary,five came back,Guillermo del Toro Guillermo del Toro Paul Greengrass Laurent Bouzereau War Documentary
Bailey Kobe,Julie McNiven,Julie McNiven,Jessica Camacho,Romance Action Adventure Comedy Drama,the babymoon,Julie McNiven Julie McNiven Jessica Camacho Bailey Kobe Romance Action Adventure Comedy Drama
Greg Barker,Jason Amerine,Jason Amerine,Mark Nutsch,Documentary,legion of brothers,Jason Amerine Jason Amerine Mark Nutsch Greg Barker Documentary
Carla Simón,Laia Artigas,Laia Artigas,David Verdaguer,Drama Family,summer 1993,Laia Artigas Laia Artigas David Verdaguer Carla Simón Drama Family
Volker Schlöndorff,Stellan Skarsgård,Stellan Skarsgård,Bronagh Gallagher,Drama,return to montauk,Stellan Skarsgård Stellan Skarsgård Bronagh Gallagher Volker Schlöndorff Drama
Philippe Falardeau,Liev Schreiber,Liev Schreiber,Elisabeth Moss,Drama,chuck,Liev Schreiber Liev Schreiber Elisabeth Moss Philippe Falardeau Drama
Paul Currie,Michiel Huisman,Michiel Huisman,Sam Reid,Drama Thriller,2:22,Michiel Huisman Michiel Huisman Sam Reid Paul Currie Drama Thriller
Christian Duguay,Dorian Le Clech,Dorian Le Clech,Patrick Bruel,Drama,a bag of marbles,Dorian Le Clech Dorian Le Clech Patrick Bruel Christian Duguay Drama
Brad Epstein,Alex Meneses,Alex Meneses,Russell Peters,Comedy,ripped,Alex Meneses Alex Meneses Russell Peters Brad Epstein Comedy
Neill Blomkamp,Steve Boyle,Steve Boyle,Robert Hobbs,Action Sci-Fi War,firebase,Steve Boyle Steve Boyle Robert Hobbs Neill Blomkamp Action Sci-Fi War
Jeff Orlowski,Andrew Ackerman,Andrew Ackerman,Neal Cantin,Documentary,chasing coral,Andrew Ackerman Andrew Ackerman Neal Cantin Jeff Orlowski Documentary
Alexandre O. Philippe,Guillermo del Toro,Guillermo del Toro,Karyn Kusama,Documentary,78/52,Guillermo del Toro Guillermo del Toro Karyn Kusama Alexandre O. Philippe Documentary
Kip Andersen Keegan Kuhn,Kip Andersen,Kip Andersen,Neal Barnard,Documentary,what the health,Kip Andersen Kip Andersen Neal Barnard Kip Andersen Keegan Kuhn Documentary
Joe Miale,Lee Pace,Lee Pace,Jason Flemyng,Sci-Fi,revolt,Lee Pace Lee Pace Jason Flemyng Joe Miale Sci-Fi
Timothy Woodward Jr.,Luke Hemsworth,Luke Hemsworth,Bruce Dern,Western,hickok,Luke Hemsworth Luke Hemsworth Bruce Dern Timothy Woodward Jr. Western
Joshua Tunick,Anthony Rapp,Anthony Rapp,Alyson Hannigan,Drama,do you take this man,Anthony Rapp Anthony Rapp Alyson Hannigan Joshua Tunick Drama
Nikolaj Arcel,Idris Elba,Idris Elba,Tom Taylor,Action Western Sci-Fi Fantasy Horror,the dark tower,Idris Elba Idris Elba Tom Taylor Nikolaj Arcel Action Western Sci-Fi Fantasy Horror
300ml,Selton Mello,Selton Mello,Seu Jorge,Drama,soundtrack,Selton Mello Selton Mello Seu Jorge 300ml Drama
Mohammad Hossein Mahdavian,Mehrdad Sedighian,Mehrdad Sedighian,Javad Ezati,Action Crime History,midday event,Mehrdad Sedighian Mehrdad Sedighian Javad Ezati Mohammad Hossein Mahdavian Action Crime History
Jonathan Baker,Nicolas Cage,Nicolas Cage,Nicky Whelan,Thriller Drama,inconceivable,Nicolas Cage Nicolas Cage Nicky Whelan Jonathan Baker Thriller Drama
Alain Desrochers,Patrick Huard,Patrick Huard,Erik Knudsen,Crime Comedy Action,bon cop bad cop 2,Patrick Huard Patrick Huard Erik Knudsen Alain Desrochers Crime Comedy Action
Alain Desrochers,Antonio Banderas,Antonio Banderas,Liam McIntyre,Action,security,Antonio Banderas Antonio Banderas Liam McIntyre Alain Desrochers Action
Antonio Negret,Scott Eastwood,Scott Eastwood,Ana de Armas,Thriller Action,overdrive,Scott Eastwood Scott Eastwood Ana de Armas Antonio Negret Thriller Action
Dan Harris,Liam James,Liam James,Austin P. McKenzie,Comedy Drama,speech & debate,Liam James Liam James Austin P. McKenzie Dan Harris Comedy Drama
Jake Szymanski,Orlando Bloom,Orlando Bloom,John Cena,Comedy TV Movie,tour de pharmacy,Orlando Bloom Orlando Bloom John Cena Jake Szymanski Comedy TV Movie
Wayne Blair,Abigail Breslin,Abigail Breslin,Sarah Hyland,Music Drama Romance TV Movie,dirty dancing,Abigail Breslin Abigail Breslin Sarah Hyland Wayne Blair Music Drama Romance TV Movie
Clay Staub,Milo Ventimiglia,Milo Ventimiglia,Amanda Schull,Sci-Fi Thriller,devil's gate,Milo Ventimiglia Milo Ventimiglia Amanda Schull Clay Staub Sci-Fi Thriller
Molly Smith Maurice Smith,Karolina Antosik,Karolina Antosik,Tessa McGinn,Fantasy Drama,abduction,Karolina Antosik Karolina Antosik Tessa McGinn Molly Smith Maurice Smith Fantasy Drama
Vanessa Gould,William McDonald,William McDonald,Margalit Fox,Documentary,obit,William McDonald William McDonald Margalit Fox Vanessa Gould Documentary
Craig Thompson,William Shatner,William Shatner,Chris Hadfield,Documentary,the truth is in the stars,William Shatner William Shatner Chris Hadfield Craig Thompson Documentary
Anthony Leondis,T.J. Miller,T.J. Miller,Anna Faris,Comedy Family Animation,the emoji movie,T.J. Miller T.J. Miller Anna Faris Anthony Leondis Comedy Family Animation
Abel Vang Burlee Vang,Saxon Sharbino,Saxon Sharbino,Brandon Soo Hoo,Horror Thriller,bedeviled,Saxon Sharbino Saxon Sharbino Brandon Soo Hoo Abel Vang Burlee Vang Horror Thriller
Ernie Barbarash,Adam Rayner,Adam Rayner,Ian Ogilvy,Action Adventure Crime,the saint,Adam Rayner Adam Rayner Ian Ogilvy Ernie Barbarash Action Adventure Crime
Riccardo Milani,Paola Cortellesi,Paola Cortellesi,Carlo Buccirosso,Comedy,mom or dad?,Paola Cortellesi Paola Cortellesi Carlo Buccirosso Riccardo Milani Comedy
John Jencks,Roger Allam,Roger Allam,Tim McInnerny,Comedy,the hippopotamus,Roger Allam Roger Allam Tim McInnerny John Jencks Comedy
Taylor Sheridan,Jeremy Renner,Jeremy Renner,Gil Birmingham,Action Crime Mystery Thriller,wind river,Jeremy Renner Jeremy Renner Gil Birmingham Taylor Sheridan Action Crime Mystery Thriller
Tarik Saleh,Fares Fares,Fares Fares,Mohamed Yousry,Thriller Drama,the nile hilton incident,Fares Fares Fares Fares Mohamed Yousry Tarik Saleh Thriller Drama
Roman Volobuev,Svetlana Ustinova,Svetlana Ustinova,Yevgeni Tsyganov,Comedy Crime,blockbuster,Svetlana Ustinova Svetlana Ustinova Yevgeni Tsyganov Roman Volobuev Comedy Crime
Ric Roman Waugh,Nikolaj Coster-Waldau,Nikolaj Coster-Waldau,Lake Bell,Drama Crime Thriller,shot caller,Nikolaj Coster-Waldau Nikolaj Coster-Waldau Lake Bell Ric Roman Waugh Drama Crime Thriller
Tony Giglio,Adrianne Palicki,Adrianne Palicki,Ty Olsson,Action Crime Thriller,s.w.a.t.: under siege,Adrianne Palicki Adrianne Palicki Ty Olsson Tony Giglio Action Crime Thriller
Manuk Depoyan,Arsen Shavlyuk,Arsen Shavlyuk,Ruslana Pysanka,Family Comedy Animation Fantasy Adventure,the dragon spell,Arsen Shavlyuk Arsen Shavlyuk Ruslana Pysanka Manuk Depoyan Family Comedy Animation Fantasy Adventure
John R. Leonetti,Joey King,Joey King,Sherilyn Fenn,Fantasy Horror Thriller,wish upon,Joey King Joey King Sherilyn Fenn John R. Leonetti Fantasy Horror Thriller
Malcolm D. Lee,Regina Hall,Regina Hall,Jada Pinkett Smith,Comedy,girls trip,Regina Hall Regina Hall Jada Pinkett Smith Malcolm D. Lee Comedy
Gillian Robespierre,Jenny Slate,Jenny Slate,Abby Quinn,Comedy,landline,Jenny Slate Jenny Slate Abby Quinn Gillian Robespierre Comedy
Kathryn Bigelow,John Boyega,John Boyega,Algee Smith,Thriller Crime Drama History,detroit,John Boyega John Boyega Algee Smith Kathryn Bigelow Thriller Crime Drama History
Kogonada,John Cho,John Cho,Parker Posey,Drama,columbus,John Cho John Cho Parker Posey Kogonada Drama
Heber Cannon Marston Sawyers Ian Wittenber Mariah Moore,Matt Fraser,Matt Fraser,Sara Sigmundsdottir,Documentary,fittest on earth: a decade of fitness,Matt Fraser Matt Fraser Sara Sigmundsdottir Heber Cannon Marston Sawyers Ian Wittenber Mariah Moore Documentary
Emilis Velyvis,Inga Jankauskait?,Inga Jankauskait?,Ram?nas Rudokas,Thriller,zero 3,Inga Jankauskait? Inga Jankauskait? Ram?nas Rudokas Emilis Velyvis Thriller
Tommy Bertelsen,Troian Bellisario,Troian Bellisario,Ben Winchell,Drama,feed,Troian Bellisario Troian Bellisario Ben Winchell Tommy Bertelsen Drama
Ibai Abad,Lewis Rainer,Lewis Rainer,Charlotte Atkinson,Drama Music Romance,the girl from the song,Lewis Rainer Lewis Rainer Charlotte Atkinson Ibai Abad Drama Music Romance
Julian Radlmaier,Julian Radlmaier,Julian Radlmaier,Beniamin Forthi,Comedy,self-criticism of a bourgeois dog,Julian Radlmaier Julian Radlmaier Beniamin Forthi Julian Radlmaier Comedy
Pierre Coré,Omar Sy,Omar Sy,Franck Gastambide,Adventure Animation Comedy Family,sahara,Omar Sy Omar Sy Franck Gastambide Pierre Coré Adventure Animation Comedy Family
François Ozon,Marine Vacth,Marine Vacth,Jacqueline Bisset,Thriller,the double lover,Marine Vacth Marine Vacth Jacqueline Bisset François Ozon Thriller
Steven C. Miller,Bruce Willis,Bruce Willis,Gethin Anthony,Action Thriller,first kill,Bruce Willis Bruce Willis Gethin Anthony Steven C. Miller Action Thriller
T.J. Martin Daniel Lindsay,Rodney King,Rodney King,George H. W. Bush,Documentary,la 92,Rodney King Rodney King George H. W. Bush T.J. Martin Daniel Lindsay Documentary
Kenny Ortega,Dove Cameron,Dove Cameron,Cameron Boyce,TV Movie Family Action Comedy Music Adventure,descendants 2,Dove Cameron Dove Cameron Cameron Boyce Kenny Ortega TV Movie Family Action Comedy Music Adventure
Maria Sadowska,Magdalena Boczarska,Magdalena Boczarska,Justyna Wasilewska,Drama,the art of loving. story of michalina wislocka,Magdalena Boczarska Magdalena Boczarska Justyna Wasilewska Maria Sadowska Drama
Sam Garbarski,Anatole Taubman,Anatole Taubman,Joel Basman,Comedy Drama War,bye bye germany,Anatole Taubman Anatole Taubman Joel Basman Sam Garbarski Comedy Drama War
Timothy Woodward Jr.,Kaiwi Lyman,Kaiwi Lyman,Denise Richards,Crime Drama Thriller,american violence,Kaiwi Lyman Kaiwi Lyman Denise Richards Timothy Woodward Jr. Crime Drama Thriller
Philippe de Chauveron,Christian Clavier,Christian Clavier,Elsa Zylberstein,Comedy,with open arms,Christian Clavier Christian Clavier Elsa Zylberstein Philippe de Chauveron Comedy
Thomas Kruithof,François Cluzet,François Cluzet,Sami Bouajila,Thriller,scribe,François Cluzet François Cluzet Sami Bouajila Thomas Kruithof Thriller
Todd Grimes,Grey Griffin,Grey Griffin,Anais Fairweather,Animation,lego dc super hero girls: brain drain,Grey Griffin Grey Griffin Anais Fairweather Todd Grimes Animation
Pat Healy,Taylor Schilling,Taylor Schilling,Alycia Delmore,Comedy Crime,take me,Taylor Schilling Taylor Schilling Alycia Delmore Pat Healy Comedy Crime
Anshai Lal,Anushka Sharma,Anushka Sharma,Suraj Sharma,Fantasy Comedy Romance Drama,phillauri,Anushka Sharma Anushka Sharma Suraj Sharma Anshai Lal Fantasy Comedy Romance Drama
Jim Strouse,Jessica Williams,Jessica Williams,Keith Stanfield,Romance Comedy,the incredible jessica james,Jessica Williams Jessica Williams Keith Stanfield Jim Strouse Romance Comedy
Farhad Mann,Adelaide Kane,Adelaide Kane,Jean Louisa Kelly,Romance,can't buy my love,Adelaide Kane Adelaide Kane Jean Louisa Kelly Farhad Mann Romance
Hannaleena Hauru,Inka Haapamäki,Inka Haapamäki,Tiitus Rantala,Romance Comedy,thick lashes of lauri mäntyvaara,Inka Haapamäki Inka Haapamäki Tiitus Rantala Hannaleena Hauru Romance Comedy
Jonathan A. Rosenbaum,Lou Diamond Phillips,Lou Diamond Phillips,Gina Holden,Crime Comedy Action Family,cop and a half: new recruit,Lou Diamond Phillips Lou Diamond Phillips Gina Holden Jonathan A. Rosenbaum Crime Comedy Action Family
Ravi Udyawar,Sridevi Kapoor,Sridevi Kapoor,Akshaye Khanna,Crime Drama Thriller,mom,Sridevi Kapoor Sridevi Kapoor Akshaye Khanna Ravi Udyawar Crime Drama Thriller
